p0,660.976,304.225,
p1,636.213,306.174,
p2,662.753,307.565,
p3,657.487,307.74,
p4,635.273,308.157,
p5,640.484,309.592,
p6,660.523,309.613,
p7,658.759,312.594,
p8,674.821,315.093,
p9,649.17,316.174,
p10,631.858,316.908,
p11,673.506,317.648,
p12,637.439,318.289,
p13,644.003,320.565,
p14,622.679,320.843,
p15,655.504,320.916,
p16,626.318,321.78,
p17,633.245,322.492,
p18,678.36,323.472,
p19,637.081,323.619,
p20,653.079,324.434,
p21,639.035,324.523,
p22,680.978,324.669,
p23,644.647,325.905,
p24,652.268,326.389,
p25,665.755,327.567,
p26,675.27,327.608,
p27,631.213,327.95,
p28,643.6,328.542,
p29,668.535,329.06,
p30,658.985,329.159,
p31,651.423,329.337,
p32,646.127,329.862,
p33,683.672,330.534,
p34,666.442,331.637,
p35,682.478,331.858,
p36,640.783,333.145,
p37,649.948,333.168,
p38,663.551,333.265,
p39,624.463,333.342,
p40,645.513,334.213,
p41,632.527,334.935,
p42,639.959,335.242,
p43,670.422,336.607,
p44,647.217,340.107,
p45,685.94,340.389,
p46,620.777,341.34,
p47,618.936,341.409,
p48,679.985,341.547,
p49,627.324,341.603,
p50,639.416,342.035,
p51,622.928,342.459,
p52,662.056,342.529,
p53,676.484,342.75,
p54,642.366,345.063,
p55,639.621,345.609,
p56,630.04,346.568,
p57,646.7,346.681,
p58,625.209,346.771,
p59,650.768,347.282,
p60,672.056,347.548,
p61,629.259,347.766,
p62,654.751,347.881,
p63,656.628,348.501,
p64,660.134,348.671,
p65,667.984,349.415,
p66,642.738,349.951,
p67,652.024,349.986,
p68,671.291,350.525,
p69,637.791,350.903,
p70,649.556,351.032,
p71,654.517,352.398,
p72,659.838,353.262,
p73,648.966,356.048,
p74,669.789,357.397,
p75,665.373,359.929,
p76,624.855,360.424,
p77,662.42,360.72,
p78,626.761,363.811,
p79,667.14,364.033,
p80,637.609,364.503,
p81,648.763,364.824,
p82,638.583,365.65,
p83,666.254,366.738,
p84,653.469,370.728,
p85,650.43,371.572,
p86,661.43,372.276,
p87,153.879,308.064,
p88,178.29,308.199,
p89,166.838,308.485,
p90,153.41,309.122,
p91,153.636,309.867,
p92,148.658,310.898,
p93,170.83,311.777,
p94,181.997,312.281,
p95,151.534,315.214,
p96,158.234,316.942,
p97,156.903,318.774,
p98,131.505,318.993,
p99,171.829,319.959,
p100,188.385,321.231,
p101,175.094,321.902,
p102,149.332,322.096,
p103,132.401,322.735,
p104,150.449,322.89,
p105,172.762,324.576,
p106,178.86,324.684,
p107,129.898,326.107,
p108,140.855,327.583,
p109,167.174,328.263,
p110,163.921,328.34,
p111,145.897,328.558,
p112,180.488,328.618,
p113,125.823,328.684,
p114,154.945,329.416,
p115,188.031,330.014,
p116,174.682,330.318,
p117,162.439,330.402,
p118,128.484,330.468,
p119,156.03,330.695,
p120,187.152,331.229,
p121,168.092,331.83,
p122,129.107,332.022,
p123,129.6,333.61,
p124,158.713,334.341,
p125,169.774,334.662,
p126,191.52,334.977,
p127,133.87,335.02,
p128,160.971,335.471,
p129,185.668,335.604,
p130,200.468,335.644,
p131,164.317,335.97,
p132,142.494,336.65,
p133,197.979,337.757,
p134,192.739,338.016,
p135,123.22,338.794,
p136,132.062,338.832,
p137,184.485,339.211,
p138,162.725,339.915,
p139,136.333,340.328,
p140,167.759,340.476,
p141,188.627,340.491,
p142,166.321,342.129,
p143,159.853,342.331,
p144,193.875,342.382,
p145,152.072,342.404,
p146,197.029,342.743,
p147,132.796,343.359,
p148,176.53,343.547,
p149,179.363,343.574,
p150,178.037,343.672,
p151,152.655,345.182,
p152,165.121,345.513,
p153,162.034,345.997,
p154,125.206,346.962,
p155,171.972,349.879,
p156,191.181,349.959,
p157,161.773,350.404,
p158,168.823,350.884,
p159,127.327,350.908,
p160,182.901,351.725,
p161,183.617,352.579,
p162,175.568,353.932,
p163,156.466,354.278,
p164,159.181,354.447,
p165,184.109,355.875,
p166,144.133,356.156,
p167,163.283,357.159,
p168,174.195,357.187,
p169,185.038,359.301,
p170,146.451,359.416,
p171,142.978,361.95,
p172,134.443,361.955,
p173,194.452,363.123,
p174,144.727,363.41,
p175,172.193,364.859,
p176,142.127,365.116,
p177,186.492,366.136,
p178,163.71,366.165,
p179,154.581,366.177,
p180,141.478,367.346,
p181,139.807,367.959,
p182,147.813,369.185,
p183,138.191,369.528,
p184,156.592,370.709,
p185,138.571,371.407,
p186,176.65,371.485,
p187,157.497,371.658,
p188,183.168,372.223,
p189,170.311,372.819,
p190,181.366,373.854,
p191,151.856,375.167,
p192,165.883,375.174,
p193,177.629,375.408,
p194,155.613,377.032,
p195,152.479,377.285,
p196,155.358,377.929,
p197,179.727,378.364,
p198,147.366,379.114,
p199,162.91,380.567,
p200,337.718,305.692,
p201,338.624,306.106,
p202,329.298,307.033,
p203,322.76,307.044,
p204,342.994,310.67,
p205,351.887,311.603,
p206,333.539,311.89,
p207,333.868,312.928,
p208,319.884,313.587,
p209,335.147,314.891,
p210,321.18,315.663,
p211,325.111,316.065,
p212,328.436,316.801,
p213,356.246,320.109,
p214,357.739,321.053,
p215,341.53,321.295,
p216,309.119,321.986,
p217,367.37,322.193,
p218,314.309,322.429,
p219,324.706,322.709,
p220,315.665,323.192,
p221,350.748,323.821,
p222,366.213,324.547,
p223,369.885,325.104,
p224,345.193,326.957,
p225,323.167,328.544,
p226,352.146,328.862,
p227,353.396,329.17,
p228,319.294,329.545,
p229,332.038,329.567,
p230,334.586,329.567,
p231,355.725,329.737,
p232,364.513,330.463,
p233,376.024,330.619,
p234,371.565,331.405,
p235,345.661,333.121,
p236,342.261,333.749,
p237,320.544,334.019,
p238,370.213,334.867,
p239,371.977,335.02,
p240,336.719,335.237,
p241,359.632,336.229,
p242,330.693,336.872,
p243,303.768,337.46,
p244,344.49,338.303,
p245,323.992,338.852,
p246,343.402,339.059,
p247,334.993,339.566,
p248,318.342,340.531,
p249,311.678,340.689,
p250,307.329,340.702,
p251,373.097,340.763,
p252,354.668,341.4,
p253,368.188,341.876,
p254,342.46,342.193,
p255,295.095,342.319,
p256,349.378,342.593,
p257,331.047,343.179,
p258,304.788,343.217,
p259,306.04,344.25,
p260,371.168,345.096,
p261,300.119,345.111,
p262,357.02,345.129,
p263,318.411,345.202,
p264,310.511,345.281,
p265,312.171,345.928,
p266,338.189,348.672,
p267,312.98,349.579,
p268,361.789,349.989,
p269,328.638,350.035,
p270,301.754,350.545,
p271,336.078,350.882,
p272,340.122,351.188,
p273,349.132,351.455,
p274,361.162,352.626,
p275,316.539,353.64,
p276,327.318,353.692,
p277,316.021,354.83,
p278,368.832,354.848,
p279,362.763,354.907,
p280,338.883,358.015,
p281,326.846,358.512,
p282,365.499,359.163,
p283,341.805,361.755,
p284,309.967,361.84,
p285,337.131,362.059,
p286,330.765,363.646,
p287,308.677,364.606,
p288,304.473,365.008,
p289,309.395,365.09,
p290,314.833,365.398,
p291,308.096,366.369,
p292,346.037,366.652,
p293,339.705,367.928,
p294,317.885,368.544,
p295,340.258,369.252,
p296,343.329,369.994,
p297,347.617,370.365,
p298,315.049,372.453,
p299,351.49,372.812,
p300,321.703,372.978,
p301,327.576,373.535,
p302,313.86,374.769,
p303,358.554,376.035,
p304,345.291,376.266,
p305,322.171,376.74,
p306,331.361,377.574,
p307,349.633,380.861,
p308,326.059,381.239,
p309,321.474,383.121,
p310,465.741,40.127,
p311,482.456,41.754,
p312,477.011,43.279,
p313,476.6,45.718,
p314,488.985,46.419,
p315,490.389,46.649,
p316,459.989,48.062,
p317,451.672,48.477,
p318,447.604,51.804,
p319,456.12,52.193,
p320,447.401,52.68,
p321,489.694,53.469,
p322,489.323,53.989,
p323,474.738,54.167,
p324,468.284,54.237,
p325,487.319,54.287,
p326,478.584,54.568,
p327,517.589,55.822,
p328,490.101,56.147,
p329,516.314,56.174,
p330,453.824,56.455,
p331,464.638,57.017,
p332,445.339,57.294,
p333,507.47,57.687,
p334,480.505,59.468,
p335,454.31,59.578,
p336,446.989,60.668,
p337,520.495,60.697,
p338,457.219,61.058,
p339,501.55,61.489,
p340,508.426,61.924,
p341,447.115,62.044,
p342,442.165,62.166,
p343,498.974,62.522,
p344,463.971,62.675,
p345,519.726,64.114,
p346,467.813,64.479,
p347,509.907,64.625,
p348,515.12,66.087,
p349,485.224,67.012,
p350,452.837,67.247,
p351,502.674,67.575,
p352,523.466,67.773,
p353,488.187,67.923,
p354,504.803,68.302,
p355,466.572,68.819,
p356,461.595,69.35,
p357,473.674,69.556,
p358,431.04,69.589,
p359,456.452,70.104,
p360,450.642,70.156,
p361,500.674,70.16,
p362,494.982,70.178,
p363,512.411,71.274,
p364,461.568,72.37,
p365,504.405,73.147,
p366,449.195,73.234,
p367,524.047,73.32,
p368,444.002,73.804,
p369,503.446,73.822,
p370,490.326,74.669,
p371,444.186,74.773,
p372,443.042,75.007,
p373,476.081,75.411,
p374,443.575,75.477,
p375,516.205,77.533,
p376,484.653,78.147,
p377,455.329,78.197,
p378,459.305,78.72,
p379,495.572,78.745,
p380,425.956,78.906,
p381,526.738,80.445,
p382,528.601,80.789,
p383,493.7,81.478,
p384,470.216,82.183,
p385,471.17,82.281,
p386,477.29,82.318,
p387,536.043,82.472,
p388,529.99,82.646,
p389,441.622,82.712,
p390,482.255,82.785,
p391,488.474,83.054,
p392,474.061,83.219,
p393,531.936,83.234,
p394,513.167,84.628,
p395,494.467,84.637,
p396,535.227,85.103,
p397,529.089,85.565,
p398,456.32,85.624,
p399,518.369,85.695,
p400,511.716,85.906,
p401,492.166,86.233,
p402,448.946,86.545,
p403,432.501,87.168,
p404,525.191,87.662,
p405,497.048,88.247,
p406,525.932,88.422,
p407,437.223,89.016,
p408,429.847,89.107,
p409,521.958,89.828,
p410,517.274,90.571,
p411,537.606,91.828,
p412,436.353,91.968,
p413,506.119,92.784,
p414,527.511,93.643,
p415,424.294,97.509,
p416,441.896,97.95,
p417,436.16,99.51,
p418,434.226,100.897,
p419,444.57,101.574,
p420,428.855,108.992,
p421,438.753,110.45,
p422,429.191,112.407,
p423,437,112.594,
p424,438.797,115.729,
p425,421.602,117.717,
p426,439.119,119.693,
p427,437.638,120.246,
p428,445.168,121.036,
p429,423.173,123.604,
p430,426.709,125.924,
p431,428.665,126.795,
p432,419.133,127.199,
p433,435.422,127.915,
p434,445.818,130.619,
p435,441.056,131.792,
p436,449.75,132.161,
p437,436.787,132.524,
p438,423.113,133.675,
p439,439.334,133.911,
p440,423.694,134.56,
p441,420.737,134.844,
p442,433.38,135.975,
p443,427.845,139.381,
p444,455.69,139.93,
p445,433.728,140.543,
p446,427.535,140.842,
p447,440.13,142.847,
p448,422.181,143.794,
p449,432.792,143.799,
p450,425.758,144.367,
p451,469.419,144.455,
p452,435.55,145.395,
p453,431.419,145.755,
p454,451.224,145.775,
p455,440.408,146.542,
p456,431.209,147.043,
p457,440.541,147.443,
p458,429.476,147.655,
p459,457.738,147.949,
p460,462.197,148.753,
p461,458.784,148.79,
p462,435.104,150.564,
p463,481.596,150.747,
p464,470.742,151.028,
p465,475.537,151.384,
p466,486.403,152.427,
p467,479.218,153.336,
p468,442.739,153.699,
p469,468.571,154.661,
p470,487.203,155.054,
p471,491.499,155.056,
p472,469.035,155.808,
p473,492.554,156.945,
p474,493.331,157.034,
p475,450.257,157.572,
p476,430.442,157.874,
p477,486.966,158.69,
p478,431.691,161.683,
p479,475.063,162.051,
p480,505.503,162.45,
p481,453.361,162.676,
p482,485.405,162.724,
p483,450.017,162.982,
p484,467.237,163.015,
p485,444.988,163.518,
p486,446.606,163.869,
p487,504.016,164.453,
p488,483.317,164.96,
p489,460.405,165.011,
p490,454.607,165.491,
p491,448.598,166.01,
p492,490.836,166.186,
p493,474.385,166.211,
p494,452.446,166.814,
p495,448.289,168.177,
p496,485.908,168.301,
p497,460.684,168.549,
p498,473.044,169.3,
p499,463.544,169.773,
p500,441.254,169.819,
p501,478.121,170.152,
p502,472.289,170.258,
p503,456.744,170.562,
p504,506.497,171.391,
p505,458.455,171.723,
p506,480.952,172.104,
p507,471.724,172.447,
p508,462.369,172.691,
p509,462.699,176.173,
p510,499.357,177.083,
p511,497.729,179.01,
p512,476.852,179.141,
p513,482.757,180.824,
p514,497.288,116.862,
p515,504.684,118.564,
p516,500.45,118.781,
p517,512.501,118.822,
p518,515.358,119.685,
p519,506.057,119.873,
p520,551.669,119.94,
p521,513.607,120.024,
p522,542.261,121.323,
p523,503.533,123.134,
p524,538.449,123.666,
p525,506.288,123.926,
p526,532.535,124.963,
p527,535.374,124.987,
p528,536.336,125.359,
p529,541.956,125.614,
p530,504.129,126.134,
p531,499.386,126.144,
p532,498.238,126.197,
p533,510.951,126.254,
p534,523.702,126.337,
p535,492.24,127.167,
p536,533.889,127.493,
p537,516.126,127.973,
p538,494.99,128.921,
p539,556.017,129.036,
p540,532.113,131.972,
p541,534.042,133.423,
p542,509.416,134.11,
p543,535.72,134.304,
p544,514.408,135.016,
p545,493.319,135.26,
p546,520.422,137.28,
p547,527.298,137.36,
p548,524.935,138.144,
p549,521.854,138.206,
p550,550.427,140.703,
p551,510.183,142.282,
p552,548.844,142.901,
p553,516.698,142.955,
p554,528.705,144.861,
p555,575.8,145.081,
p556,528.51,145.594,
p557,525.507,146.165,
p558,549.351,147.794,
p559,528.385,149.093,
p560,574.776,149.666,
p561,564.062,150.091,
p562,569.252,150.45,
p563,580.529,152.58,
p564,555.511,152.813,
p565,543.797,153.217,
p566,523.439,153.221,
p567,577.096,153.561,
p568,557.155,153.821,
p569,540.728,154.218,
p570,567.029,155.564,
p571,535,155.746,
p572,554.604,156.498,
p573,553.231,157.644,
p574,565.622,159.177,
p575,552.675,160.487,
p576,551.34,161.382,
p577,552.228,161.539,
p578,565.391,162.42,
p579,551.871,163.963,
p580,561.421,166.072,
p581,549.795,166.147,
p582,563.976,166.47,
p583,557.805,167.451,
p584,559.049,168.661,
p585,550.489,169.343,
p586,563.571,171.008,
p587,565.895,174.816,
p588,578.552,176.176,
p589,558.492,176.966,
p590,558.076,183.121,
p591,572.341,183.795,
p592,548.741,185.141,
p593,571.997,185.255,
p594,571.288,186.591,
p595,568.308,189.231,
p596,554.133,189.464,
p597,568.75,190.522,
p598,574.234,191.904,
p599,560.184,192.29,
p600,554.855,194.481,
p601,545.792,198.292,
p602,573.339,199.37,
p603,560.626,201.339,
p604,484.479,201.808,
p605,544.398,202.037,
p606,546.15,202.697,
p607,544.523,203.247,
p608,557.549,203.253,
p609,496.092,204.783,
p610,545.515,205.062,
p611,552.079,205.232,
p612,556.428,205.593,
p613,480.224,206.366,
p614,554.335,206.42,
p615,569.615,206.821,
p616,549.936,207.559,
p617,476.785,207.988,
p618,540.551,208.51,
p619,570.595,208.906,
p620,501.173,209.049,
p621,471.001,209.154,
p622,553.659,209.159,
p623,484.712,209.501,
p624,474.655,209.547,
p625,570.022,209.903,
p626,497.611,211.97,
p627,537.191,211.979,
p628,476.159,213.082,
p629,529.146,213.374,
p630,530.331,213.716,
p631,560.98,214.079,
p632,562.351,214.13,
p633,564.375,214.272,
p634,487.013,214.471,
p635,487.71,214.871,
p636,458.4,214.958,
p637,520.077,215.482,
p638,547.348,216.15,
p639,514.639,216.942,
p640,568.922,217.769,
p641,537.99,217.917,
p642,466.888,218.478,
p643,533.306,218.951,
p644,464.185,218.974,
p645,547.947,218.987,
p646,543.334,219.389,
p647,475.069,220.2,
p648,496.267,220.2,
p649,537.621,221.068,
p650,548.078,221.696,
p651,479.44,221.889,
p652,526.415,221.976,
p653,469.176,222.122,
p654,493.109,222.595,
p655,504.879,223.245,
p656,472.424,223.374,
p657,508.167,224.352,
p658,501.681,224.604,
p659,498.585,224.761,
p660,491.164,225.738,
p661,558.66,226.102,
p662,518.744,226.107,
p663,485.69,226.433,
p664,505.801,227.197,
p665,517.547,227.273,
p666,532.845,227.692,
p667,511.198,229.151,
p668,505.328,229.27,
p669,477.532,230.323,
p670,559.487,230.512,
p671,534.237,231.182,
p672,555.919,231.33,
p673,496.519,231.653,
p674,545.041,233.072,
p675,539.702,233.506,
p676,484.317,233.798,
p677,546.902,233.832,
p678,517.963,234.854,
p679,484.92,235.709,
p680,531.058,235.723,
p681,530.053,235.845,
p682,473.185,235.903,
p683,503.429,236.263,
p684,518.412,236.544,
p685,490.594,237.163,
p686,528.082,237.987,
p687,506.602,239.498,
p688,530.871,239.966,
p689,489.75,242.396,
p690,551.065,242.547,
p691,495.831,242.586,
p692,482.31,243.418,
p693,519.888,244.016,
p694,524.336,245.015,
p695,485.006,245.823,
p696,489.089,246.34,
p697,502.585,246.657,
p698,507.542,247.408,
p699,528.185,247.661,
p700,538.825,248.077,
p701,508.916,248.813,
p702,512.989,248.855,
p703,523.074,250.801,
p704,534.594,252.169,
p705,540.102,252.257,
p706,519.289,252.735,
p707,522.247,253.701,
p708,520.838,254.256,
p709,541.399,254.555,
p710,524.593,254.965,
p711,517.344,255.757,
p712,94.842,135.204,
p713,109.321,138.094,
p714,71.813,138.206,
p715,320.843,138.228,
p716,61.427,138.457,
p717,142.07,138.726,
p718,50.861,138.893,
p719,140.837,139.146,
p720,194.828,139.209,
p721,203.609,139.329,
p722,49.89,139.351,
p723,168.274,139.703,
p724,200.698,139.846,
p725,90.066,139.88,
p726,188.524,139.94,
p727,125.125,139.991,
p728,37.458,140.053,
p729,249.584,140.167,
p730,258.339,140.262,
p731,53.696,140.333,
p732,306.48,140.395,
p733,47.454,140.403,
p734,230.524,140.512,
p735,201.416,140.704,
p736,304.199,140.746,
p737,246.043,140.806,
p738,219.616,140.885,
p739,225.11,140.915,
p740,95.795,141.152,
p741,67.96,141.335,
p742,296.662,141.432,
p743,270.289,141.447,
p744,326.361,141.649,
p745,62.999,141.875,
p746,172.605,141.876,
p747,315.501,142.003,
p748,316.762,142.555,
p749,216.062,142.694,
p750,328.929,142.844,
p751,32.099,143.035,
p752,227.643,143.225,
p753,126.689,144.081,
p754,238.139,144.096,
p755,70.308,144.133,
p756,246.255,144.218,
p757,107.021,144.256,
p758,312.559,144.434,
p759,75.993,144.485,
p760,189.235,144.589,
p761,219.131,144.7,
p762,97.647,144.72,
p763,146.461,144.838,
p764,190.41,144.839,
p765,57.351,144.958,
p766,268.271,144.971,
p767,133.514,145.516,
p768,307.888,145.591,
p769,115.795,145.864,
p770,174.845,146.047,
p771,159.347,146.43,
p772,301.09,146.564,
p773,58.445,146.64,
p774,331.061,146.707,
p775,239.572,146.801,
p776,109.938,146.879,
p777,289.436,146.915,
p778,304.081,146.92,
p779,257.549,146.929,
p780,27.887,146.941,
p781,157.097,147.095,
p782,262.925,147.195,
p783,217.515,147.199,
p784,292.568,147.238,
p785,259.314,147.327,
p786,63.973,147.393,
p787,193.748,147.43,
p788,294.172,147.603,
p789,148.916,147.787,
p790,40.381,148.068,
p791,60.351,148.181,
p792,228.218,148.267,
p793,207.832,148.335,
p794,298.229,148.537,
p795,245.657,148.563,
p796,181.293,148.633,
p797,196.535,148.652,
p798,256.303,148.66,
p799,56.551,148.808,
p800,225.579,148.841,
p801,281.54,148.927,
p802,110.273,148.951,
p803,121.658,148.967,
p804,236.113,149.196,
p805,161.89,149.204,
p806,261.679,149.472,
p807,223.041,149.482,
p808,176.219,149.932,
p809,22.172,150.049,
p810,156.89,150.131,
p811,253.999,150.452,
p812,39.912,150.513,
p813,59.9,150.54,
p814,180.844,150.826,
p815,277.317,150.914,
p816,232.394,151.075,
p817,205.088,151.435,
p818,90.808,151.571,
p819,154.971,151.627,
p820,192.115,151.814,
p821,99.609,151.894,
p822,113.923,152.089,
p823,24.271,152.193,
p824,330.341,152.564,
p825,143.626,152.655,
p826,247.596,152.793,
p827,93.42,153.068,
p828,72.448,153.101,
p829,145.683,153.144,
p830,152.194,153.153,
p831,280.463,153.158,
p832,66.712,153.17,
p833,76.828,153.21,
p834,273.534,153.242,
p835,126.953,153.559,
p836,252.93,154.284,
p837,117.094,154.336,
p838,210.203,154.483,
p839,191.668,154.569,
p840,251.432,154.587,
p841,202.124,154.646,
p842,19.034,154.732,
p843,162.761,154.815,
p844,286.909,154.986,
p845,89.297,155.491,
p846,127.743,155.523,
p847,83.227,155.623,
p848,120.241,155.652,
p849,79.75,156.732,
p850,174.166,156.988,
p851,211.441,157.206,
p852,164.988,157.222,
p853,184.554,157.526,
p854,95.504,157.555,
p855,165.92,157.885,
p856,243.305,157.964,
p857,274.408,158.305,
p858,144.545,158.753,
p859,84.786,158.792,
p860,73.251,159.11,
p861,276.99,159.135,
p862,149.609,159.203,
p863,171.963,159.266,
p864,330.64,159.323,
p865,240.497,159.38,
p866,251.23,159.384,
p867,178.892,159.417,
p868,177.496,159.542,
p869,266.97,159.699,
p870,101.082,159.803,
p871,209.678,159.871,
p872,185.582,159.981,
p873,169.867,160.045,
p874,220.62,160.152,
p875,277.894,160.226,
p876,23.197,160.374,
p877,86.835,161.038,
p878,175.183,161.289,
p879,328.328,161.379,
p880,288.797,161.383,
p881,66.93,161.463,
p882,295.836,161.686,
p883,65.527,161.731,
p884,275.188,161.732,
p885,74.236,161.736,
p886,215.083,161.737,
p887,147.042,161.861,
p888,310.583,161.993,
p889,87.458,162.044,
p890,294.989,162.163,
p891,31.56,162.172,
p892,299.158,162.312,
p893,160.061,162.919,
p894,83.795,163.025,
p895,19.915,163.184,
p896,279.12,163.332,
p897,20.411,163.543,
p898,269.677,163.544,
p899,30.176,163.656,
p900,248.384,163.702,
p901,224.269,164.092,
p902,112.369,164.192,
p903,103.293,164.521,
p904,105.712,164.575,
p905,55.529,164.776,
p906,300.213,164.849,
p907,183.048,165.25,
p908,36.666,165.398,
p909,41.62,165.417,
p910,168.941,165.506,
p911,313.889,165.633,
p912,314.564,165.723,
p913,278.524,165.991,
p914,39.332,166.041,
p915,100.396,166.044,
p916,77.896,166.356,
p917,102.608,166.439,
p918,305.676,166.653,
p919,272.427,166.829,
p920,319.508,166.976,
p921,130.608,166.997,
p922,161.047,167.032,
p923,213.04,167.189,
p924,123.855,167.463,
p925,284.233,167.729,
p926,85.372,167.791,
p927,166.915,167.804,
p928,119.7,167.848,
p929,235.718,168.427,
p930,133.021,168.507,
p931,24.745,168.548,
p932,254.791,168.611,
p933,181.949,168.674,
p934,194.43,168.704,
p935,101.668,168.905,
p936,104.872,169.065,
p937,173.335,169.134,
p938,68.68,169.236,
p939,118.06,169.279,
p940,77.167,169.545,
p941,26.532,169.671,
p942,251.972,170.086,
p943,32.81,170.112,
p944,234.843,170.407,
p945,96.634,170.521,
p946,324.884,170.819,
p947,66.539,170.91,
p948,273.787,171.163,
p949,82.642,171.22,
p950,265.086,171.24,
p951,230.897,171.483,
p952,106.233,171.58,
p953,139.788,171.6,
p954,217.068,171.64,
p955,114.928,171.689,
p956,108.138,171.709,
p957,112.928,171.78,
p958,199.887,171.887,
p959,182.587,172.145,
p960,69.475,172.23,
p961,309.285,172.272,
p962,307.254,172.284,
p963,46.272,172.561,
p964,195.63,172.617,
p965,233.965,172.782,
p966,153.13,172.988,
p967,282.677,173.005,
p968,18.067,173.055,
p969,283.147,173.368,
p970,178.034,173.382,
p971,58.823,173.444,
p972,302.004,173.47,
p973,131.722,173.659,
p974,38.006,173.67,
p975,189.678,173.883,
p976,80.212,173.904,
p977,286.007,174.036,
p978,186.873,174.213,
p979,327.86,174.334,
p980,293.698,174.443,
p981,207.339,174.492,
p982,323.582,174.63,
p983,103.201,174.763,
p984,24.943,175.09,
p985,38.696,175.224,
p986,176.647,175.237,
p987,183.559,175.462,
p988,104.347,175.611,
p989,132.259,175.665,
p990,67.553,175.725,
p991,185.129,175.734,
p992,190.988,175.787,
p993,158.27,175.847,
p994,250.355,175.979,
p995,73.792,175.984,
p996,112.797,176.117,
p997,137.028,176.21,
p998,244.466,176.288,
p999,163.388,176.343,
p1000,35.236,176.364,
p1001,308.914,176.455,
p1002,142.814,176.485,
p1003,148.332,176.609,
p1004,329.534,176.617,
p1005,88.706,176.685,
p1006,260.121,176.7,
p1007,118.736,176.804,
p1008,175.481,176.817,
p1009,256.751,176.849,
p1010,42.662,176.909,
p1011,28.355,177.212,
p1012,65.886,177.319,
p1013,55.027,177.406,
p1014,150.243,177.473,
p1015,210.645,177.815,
p1016,167.605,177.919,
p1017,108.602,178.091,
p1018,322.717,178.234,
p1019,177.36,178.535,
p1020,331.754,178.868,
p1021,72.114,179.025,
p1022,27.104,179.199,
p1023,237.357,179.362,
p1024,173.638,179.555,
p1025,137.962,179.734,
p1026,64.779,180.357,
p1027,206.37,180.453,
p1028,303.585,180.629,
p1029,212.71,180.665,
p1030,316.479,180.696,
p1031,247.264,180.768,
p1032,45.317,181.056,
p1033,322.878,181.177,
p1034,240.801,181.178,
p1035,21.409,181.389,
p1036,44.414,181.393,
p1037,198.941,181.503,
p1038,326.889,181.568,
p1039,52.622,181.916,
p1040,30.773,182.051,
p1041,318.323,182.643,
p1042,94.303,182.798,
p1043,29.242,182.931,
p1044,321.85,182.94,
p1045,195.157,182.953,
p1046,33.045,182.992,
p1047,135.319,182.999,
p1048,153.696,183.013,
p1049,205.884,183.193,
p1050,44.019,183.254,
p1051,33.585,183.373,
p1052,283.707,183.686,
p1053,36.257,183.698,
p1054,271.821,185.621,
p1055,234.864,244.592,
p1056,287.437,244.7,
p1057,216.497,244.797,
p1058,260.292,244.799,
p1059,205.094,245.336,
p1060,274.302,245.444,
p1061,296.97,246.026,
p1062,242.848,246.187,
p1063,217.482,246.361,
p1064,214.916,246.544,
p1065,266.91,247.372,
p1066,299.132,247.988,
p1067,282.77,248.761,
p1068,191.475,248.979,
p1069,250.737,248.985,
p1070,291.683,249.094,
p1071,221.889,249.484,
p1072,221.515,249.913,
p1073,168.784,250.097,
p1074,358.137,250.268,
p1075,248.197,250.671,
p1076,215.53,250.902,
p1077,376.398,251.574,
p1078,256.128,251.643,
p1079,145.695,252.222,
p1080,167.272,252.347,
p1081,377.884,252.614,
p1082,336.336,252.815,
p1083,235.478,252.983,
p1084,276.248,253.026,
p1085,321.801,253.264,
p1086,164.143,253.348,
p1087,276.824,253.898,
p1088,183.845,254.069,
p1089,142.206,254.367,
p1090,151.415,254.811,
p1091,164.9,255.039,
p1092,322.522,255.481,
p1093,172.022,255.744,
p1094,329.826,256.269,
p1095,216.782,256.393,
p1096,233.173,256.487,
p1097,341.166,256.49,
p1098,199.059,256.774,
p1099,176.248,256.856,
p1100,246.211,257.004,
p1101,304.116,257.178,
p1102,261.033,257.946,
p1103,168.283,257.95,
p1104,241.386,257.955,
p1105,238.388,258.167,
p1106,166.854,258.216,
p1107,261.802,258.219,
p1108,328.027,258.385,
p1109,267.79,258.546,
p1110,210.807,258.753,
p1111,335.855,258.797,
p1112,240.766,258.826,
p1113,268.65,258.927,
p1114,132.612,258.952,
p1115,133.285,258.973,
p1116,195.841,259.09,
p1117,120.182,259.236,
p1118,195.446,259.275,
p1119,195.223,259.303,
p1120,286.976,259.335,
p1121,370.524,259.581,
p1122,247.657,259.677,
p1123,340.544,259.696,
p1124,223.795,259.78,
p1125,259.062,259.847,
p1126,358.721,259.912,
p1127,295.301,259.998,
p1128,181.985,260.158,
p1129,309.232,260.38,
p1130,280.259,260.382,
p1131,143.269,260.419,
p1132,367.715,261.151,
p1133,257.052,261.209,
p1134,359.908,261.221,
p1135,333.562,261.296,
p1136,306.803,261.514,
p1137,361.204,261.708,
p1138,354.164,261.749,
p1139,124.82,261.864,
p1140,347.83,261.914,
p1141,368.397,262.058,
p1142,288.914,262.231,
p1143,276.933,262.471,
p1144,235.676,262.61,
p1145,153.31,262.628,
p1146,151.888,262.644,
p1147,262.705,262.756,
p1148,253.724,263.118,
p1149,369.972,263.249,
p1150,138.854,263.312,
p1151,202.992,263.397,
p1152,255.164,263.433,
p1153,179.044,263.445,
p1154,226.697,263.483,
p1155,269.569,264.229,
p1156,176.638,264.276,
p1157,188.112,264.32,
p1158,119.521,264.342,
p1159,131.309,264.388,
p1160,108.035,264.541,
p1161,348.729,264.691,
p1162,206.131,264.749,
p1163,267.293,264.964,
p1164,241.117,265.01,
p1165,310.351,265.14,
p1166,250.162,265.481,
p1167,362.335,265.582,
p1168,358.437,265.584,
p1169,285.917,265.773,
p1170,155.432,265.779,
p1171,141.203,265.822,
p1172,217.099,265.994,
p1173,261.649,266.026,
p1174,181.108,266.237,
p1175,105.735,266.323,
p1176,112.038,266.481,
p1177,397.022,266.483,
p1178,321.053,266.501,
p1179,153.756,266.591,
p1180,175.147,267.035,
p1181,236.075,267.568,
p1182,365.962,267.834,
p1183,350.352,267.841,
p1184,314.474,267.889,
p1185,386.85,268.208,
p1186,161.21,268.239,
p1187,401.392,268.271,
p1188,346.266,268.386,
p1189,348.104,268.693,
p1190,271.358,269.107,
p1191,294.125,269.208,
p1192,184.243,269.275,
p1193,234.124,269.3,
p1194,347.027,269.484,
p1195,162.837,269.797,
p1196,220.961,269.839,
p1197,364.302,270.024,
p1198,331.139,270.079,
p1199,116.118,270.099,
p1200,116.917,270.293,
p1201,229.713,270.555,
p1202,229.983,270.753,
p1203,238.567,270.766,
p1204,274.811,270.851,
p1205,185.068,270.968,
p1206,284.224,270.97,
p1207,354.042,271.24,
p1208,205.727,271.55,
p1209,323.592,271.776,
p1210,345.636,271.783,
p1211,184.201,271.984,
p1212,328.682,272.08,
p1213,316.09,272.295,
p1214,189.263,272.365,
p1215,385.32,272.6,
p1216,347.378,272.672,
p1217,107.208,272.741,
p1218,159.461,272.871,
p1219,365.041,272.918,
p1220,231.64,272.95,
p1221,299.952,273.015,
p1222,412.013,273.039,
p1223,332.842,273.049,
p1224,111.92,273.059,
p1225,146.538,273.415,
p1226,307.841,273.426,
p1227,372.834,273.842,
p1228,193.835,273.965,
p1229,392.026,274.041,
p1230,222.816,274.215,
p1231,144.324,274.262,
p1232,242.165,274.344,
p1233,302.042,274.351,
p1234,362.578,274.592,
p1235,231.177,274.619,
p1236,278.387,274.685,
p1237,233.675,274.728,
p1238,103.443,275.113,
p1239,184.803,275.142,
p1240,393.87,275.359,
p1241,400.79,275.553,
p1242,221.329,275.558,
p1243,298.289,275.669,
p1244,374.334,275.758,
p1245,144.611,275.853,
p1246,332.076,275.981,
p1247,268.136,276.218,
p1248,326.374,276.345,
p1249,292.513,276.386,
p1250,297.682,277.079,
p1251,113.75,277.192,
p1252,147.492,277.268,
p1253,331.537,277.279,
p1254,377.427,277.387,
p1255,235.603,277.481,
p1256,243.231,277.59,
p1257,239.251,277.642,
p1258,294.783,277.717,
p1259,302.474,277.981,
p1260,282.085,277.982,
p1261,196.392,278.01,
p1262,177.292,278.063,
p1263,345.278,278.078,
p1264,109.286,278.229,
p1265,356.119,278.468,
p1266,357.73,278.505,
p1267,423.625,278.606,
p1268,136.73,278.689,
p1269,78.93,278.739,
p1270,432.592,278.896,
p1271,259.719,278.912,
p1272,286.788,278.92,
p1273,322.884,278.954,
p1274,211.168,279.157,
p1275,179.18,279.618,
p1276,268.326,279.856,
p1277,171.561,280.03,
p1278,138.141,280.041,
p1279,208.478,280.366,
p1280,186.663,280.399,
p1281,164.522,280.68,
p1282,59.41,280.906,
p1283,348.208,281.281,
p1284,273.862,281.305,
p1285,239.767,281.313,
p1286,223.403,281.412,
p1287,143.917,281.565,
p1288,191.103,281.635,
p1289,295.399,281.74,
p1290,425.464,281.741,
p1291,137.137,281.848,
p1292,188.508,282.094,
p1293,154.368,282.101,
p1294,366.112,282.204,
p1295,241.73,282.281,
p1296,207.249,282.409,
p1297,342.771,282.611,
p1298,108.523,282.87,
p1299,134.019,282.918,
p1300,73.189,283.025,
p1301,313.93,283.078,
p1302,94.959,283.585,
p1303,194.718,283.682,
p1304,193.331,283.738,
p1305,194.154,283.746,
p1306,66.523,283.799,
p1307,179.837,284.052,
p1308,87.172,284.134,
p1309,402.773,284.218,
p1310,95.734,284.532,
p1311,329.706,284.713,
p1312,421.923,284.761,
p1313,66.209,284.821,
p1314,147.831,285.022,
p1315,352.346,285.392,
p1316,418.201,285.682,
p1317,410.708,285.972,
p1318,407.996,286.008,
p1319,97.786,286.274,
p1320,105.21,286.344,
p1321,142.503,286.624,
p1322,394.864,286.816,
p1323,397.475,286.913,
p1324,406.111,287.297,
p1325,369.137,287.411,
p1326,128.558,287.806,
p1327,396.145,287.85,
p1328,319.44,287.986,
p1329,159.764,288.052,
p1330,345.851,288.391,
p1331,125.152,288.588,
p1332,61.673,288.598,
p1333,78.621,288.802,
p1334,130.534,288.951,
p1335,133.453,289.02,
p1336,52.622,289.037,
p1337,386.608,289.194,
p1338,378.179,289.508,
p1339,432.953,289.514,
p1340,111.583,289.604,
p1341,122.856,289.844,
p1342,96.347,289.895,
p1343,401.966,290.358,
p1344,148.248,290.486,
p1345,399.667,290.504,
p1346,355.627,290.567,
p1347,373.491,290.722,
p1348,156.122,290.744,
p1349,404.151,290.877,
p1350,43.668,291.399,
p1351,352.804,291.482,
p1352,62.382,291.554,
p1353,364.163,291.906,
p1354,102.177,292.04,
p1355,106.176,292.456,
p1356,423.479,292.576,
p1357,434.548,292.794,
p1358,109.868,292.862,
p1359,414.844,292.891,
p1360,411.84,293.004,
p1361,413.243,293.071,
p1362,57.86,293.158,
p1363,100.433,293.333,
p1364,60.88,293.369,
p1365,72.174,293.497,
p1366,431.476,293.868,
p1367,390.64,293.958,
p1368,375.155,294.645,
p1369,453.706,295.165,
p1370,92.286,295.358,
p1371,453.35,295.523,
p1372,409.412,296.241,
p1373,119.815,296.545,
p1374,109.014,297.536,
p1375,388.662,297.954,
p1376,443.069,298.013,
p1377,389.945,298.199,
p1378,58.091,298.559,
p1379,34.687,298.645,
p1380,50.432,299.391,
p1381,376.1,299.845,
p1382,43.395,300.136,
p1383,81.753,300.599,
p1384,408.577,300.765,
p1385,394.307,300.814,
p1386,397.963,301.312,
p1387,84.687,301.617,
p1388,22.648,301.845,
p1389,389.74,301.868,
p1390,30.152,302.263,
p1391,71.044,302.361,
p1392,95.351,302.391,
p1393,89.502,302.506,
p1394,69.746,302.796,
p1395,411.323,303.126,
p1396,407.588,303.313,
p1397,36.368,303.323,
p1398,461.43,303.426,
p1399,439.555,303.691,
p1400,414.359,303.901,
p1401,47.073,304.217,
p1402,63.546,304.552,
p1403,44.926,305.39,
p1404,51.622,306.263,
p1405,433.531,306.699,
p1406,57.161,306.967,
p1407,430.586,307.041,
p1408,403.957,307.223,
p1409,58.693,307.798,
p1410,86.84,307.898,
p1411,403.135,307.952,
p1412,54.973,308.618,
p1413,52.016,308.647,
p1414,62.335,308.819,
p1415,401.52,309.01,
p1416,38.483,309.053,
p1417,420.457,309.085,
p1418,456.877,309.287,
p1419,456.952,309.309,
p1420,51.381,309.339,
p1421,457.56,309.871,
p1422,436.883,310.057,
p1423,21.981,310.181,
p1424,21.398,310.923,
p1425,35.471,311.366,
p1426,432.437,311.366,
p1427,21.128,311.598,
p1428,423.895,311.641,
p1429,438.943,311.816,
p1430,64.802,311.944,
p1431,442.157,311.945,
p1432,452.978,312.366,
p1433,79.41,312.385,
p1434,447.133,312.509,
p1435,19.871,312.744,
p1436,441.051,313.418,
p1437,50.113,313.644,
p1438,459.358,313.731,
p1439,58.391,314.439,
p1440,416.987,314.997,
p1441,444.98,315.303,
p1442,427.267,315.886,
p1443,25.722,315.903,
p1444,36.154,316.095,
p1445,28.931,316.146,
p1446,449.315,316.324,
p1447,18.401,316.506,
p1448,419.095,316.961,
p1449,39.297,317.421,
p1450,466.399,317.743,
p1451,421.674,319.72,
p1452,435.218,321.225,
p1453,54.469,321.346,
p1454,476.266,321.411,
p1455,421.076,321.448,
p1456,54.068,321.808,
p1457,37.482,321.958,
p1458,61.027,322.163,
p1459,47.348,322.24,
p1460,435.536,322.356,
p1461,52.415,322.429,
p1462,424.367,323.119,
p1463,28.518,323.886,
p1464,40.202,324.015,
p1465,430.045,324.215,
p1466,47.988,324.866,
p1467,34.948,325.1,
p1468,33.205,325.15,
p1469,458.212,325.358,
p1470,25.605,325.391,
p1471,456.158,326.245,
p1472,467.677,326.964,
p1473,47.826,327.783,
p1474,438.462,328.804,
p1475,429.271,329.775,
p1476,478.2,329.863,
p1477,37.153,330.001,
p1478,23.087,331.747,
p1479,462.812,333.131,
p1480,450.655,334.172,
p1481,7.798,335.318,
p1482,19.35,335.468,
p1483,464.485,335.525,
p1484,12.362,336.383,
p1485,435.936,336.962,
p1486,474.028,337.023,
p1487,26.63,338.016,
p1488,43.022,338.1,
p1489,481.873,338.631,
p1490,8.743,338.975,
p1491,41.099,339.342,
p1492,475.227,339.598,
p1493,18.12,339.686,
p1494,16.05,340.187,
p1495,440.528,341.442,
p1496,45.626,342.268,
p1497,464.897,343.644,
p1498,465.009,343.714,
p1499,24.172,343.841,
p1500,13.156,344.062,
p1501,16.346,344.69,
p1502,461.818,344.828,
p1503,441.551,345.23,
p1504,49.718,345.273,
p1505,10.583,345.6,
p1506,434.374,345.867,
p1507,41.708,347.081,
p1508,435.825,347.081,
p1509,433.06,348.892,
p1510,473.169,349.682,
p1511,29.856,350.191,
p1512,35.786,350.472,
p1513,450.58,350.598,
p1514,431.13,350.641,
p1515,32.469,350.818,
p1516,447.728,352.005,
p1517,46.813,352.385,
p1518,446.941,352.849,
p1519,452.782,353.004,
p1520,446.78,353.006,
p1521,467.267,353.183,
p1522,479.124,353.347,
p1523,55.947,353.436,
p1524,14.524,353.603,
p1525,40.931,354.262,
p1526,24.811,355.822,
p1527,429.494,355.828,
p1528,443.649,356.951,
p1529,36.016,357.015,
p1530,444.773,357.025,
p1531,476.866,358.237,
p1532,18.972,358.39,
p1533,447.278,359.067,
p1534,440.322,359.597,
p1535,445.592,359.608,
p1536,27.594,360.195,
p1537,427.076,360.605,
p1538,460.865,360.605,
p1539,62.738,361.133,
p1540,448.514,361.48,
p1541,472.407,362.644,
p1542,30.845,362.74,
p1543,442.663,363.271,
p1544,11.956,364.116,
p1545,474.53,364.429,
p1546,471.83,366.58,
p1547,425.996,367.085,
p1548,450.208,367.423,
p1549,463.023,367.791,
p1550,422.702,368.899,
p1551,39.715,368.951,
p1552,459.782,369.416,
p1553,63.116,369.837,
p1554,465.469,369.922,
p1555,468.761,370.088,
p1556,75.864,370.152,
p1557,424.841,370.183,
p1558,56.519,370.269,
p1559,17.142,370.489,
p1560,449.539,370.556,
p1561,53.734,371.545,
p1562,455.02,371.707,
p1563,451.784,372.544,
p1564,463.597,372.888,
p1565,470.532,373.245,
p1566,53.113,373.63,
p1567,75.981,373.892,
p1568,26.442,375.309,
p1569,446.385,375.791,
p1570,420.762,375.909,
p1571,405.21,376.181,
p1572,444.529,376.501,
p1573,49.221,376.644,
p1574,458.636,376.864,
p1575,446.2,376.875,
p1576,72.552,377.098,
p1577,27.995,377.312,
p1578,37.978,377.388,
p1579,68.11,377.472,
p1580,444.084,377.758,
p1581,431.754,378.545,
p1582,437.278,378.593,
p1583,45.921,378.705,
p1584,438.268,378.901,
p1585,433.499,379.803,
p1586,457.91,379.863,
p1587,85.698,380.122,
p1588,70.221,380.266,
p1589,91.282,381.058,
p1590,81.266,381.555,
p1591,392.807,381.579,
p1592,399.774,381.619,
p1593,396.336,382.252,
p1594,55.135,382.346,
p1595,59.946,382.474,
p1596,398.408,383.121,
p1597,48.354,383.203,
p1598,98.302,383.25,
p1599,98.906,383.296,
p1600,94.322,383.477,
p1601,449.901,383.51,
p1602,426.936,383.646,
p1603,32.217,383.8,
p1604,71.897,384.142,
p1605,35.171,384.492,
p1606,437.593,384.646,
p1607,418.134,384.903,
p1608,439.894,385.014,
p1609,66.915,385.652,
p1610,435.048,385.943,
p1611,452.215,385.959,
p1612,395.719,386.118,
p1613,74.33,386.576,
p1614,65.754,386.654,
p1615,74.614,386.659,
p1616,381.522,386.891,
p1617,386.21,386.943,
p1618,382.863,386.952,
p1619,29.363,386.997,
p1620,33.847,387.077,
p1621,103.896,387.175,
p1622,77.671,387.262,
p1623,427.456,388.137,
p1624,92.832,388.358,
p1625,101.558,388.536,
p1626,380.181,389.217,
p1627,52.869,389.467,
p1628,436.547,389.647,
p1629,395.41,390.354,
p1630,436.104,390.371,
p1631,368.282,390.461,
p1632,67.756,390.925,
p1633,435.992,391.306,
p1634,433.946,391.346,
p1635,437.983,392.456,
p1636,67.603,392.698,
p1637,43.805,392.703,
p1638,387.72,392.743,
p1639,75.721,392.82,
p1640,91.755,392.94,
p1641,84.958,392.993,
p1642,350.834,393.015,
p1643,412.508,393.212,
p1644,448.146,393.502,
p1645,94.032,393.635,
p1646,421.458,393.757,
p1647,399.452,393.855,
p1648,85.894,394.246,
p1649,76.829,394.409,
p1650,420.05,394.812,
p1651,31.469,394.823,
p1652,48.814,394.997,
p1653,88.208,395.247,
p1654,377.197,395.342,
p1655,99.782,395.363,
p1656,114.505,395.536,
p1657,131.893,395.601,
p1658,424.151,396.003,
p1659,428.045,396.207,
p1660,64.925,396.343,
p1661,382.259,396.419,
p1662,400.564,396.719,
p1663,338.582,397.027,
p1664,420.547,397.059,
p1665,113.269,397.283,
p1666,111.269,397.428,
p1667,361.969,397.622,
p1668,380.704,397.84,
p1669,118.64,397.862,
p1670,65.474,397.864,
p1671,149.382,398.016,
p1672,357.426,398.042,
p1673,83.199,398.172,
p1674,351.375,398.205,
p1675,383.83,398.269,
p1676,409.073,398.274,
p1677,116.504,398.588,
p1678,410.204,399.163,
p1679,110.656,399.239,
p1680,319.2,399.345,
p1681,375.708,399.624,
p1682,115.02,399.69,
p1683,79.99,399.942,
p1684,60.61,399.962,
p1685,117.998,400.035,
p1686,165.375,400.069,
p1687,64.08,400.093,
p1688,111.713,400.172,
p1689,406.533,400.324,
p1690,156.759,400.334,
p1691,64.368,400.932,
p1692,389.044,400.936,
p1693,324.707,401.197,
p1694,53.383,401.396,
p1695,384.84,401.565,
p1696,172.728,401.743,
p1697,157.021,401.853,
p1698,343.209,401.875,
p1699,388.29,402.187,
p1700,135.45,402.325,
p1701,407.202,402.33,
p1702,78.412,402.465,
p1703,296.567,402.621,
p1704,117.548,402.827,
p1705,276.546,403.014,
p1706,119.355,403.016,
p1707,427.567,403.036,
p1708,237.441,403.141,
p1709,171.03,403.242,
p1710,94.776,403.431,
p1711,400.29,403.583,
p1712,364.009,403.632,
p1713,216.281,403.738,
p1714,69.344,403.834,
p1715,394.043,403.837,
p1716,228.186,404.266,
p1717,127.521,404.302,
p1718,291.202,404.565,
p1719,390.223,404.643,
p1720,183.113,404.72,
p1721,263.353,404.726,
p1722,300.303,404.822,
p1723,123.494,404.996,
p1724,335.635,405.027,
p1725,343.935,405.111,
p1726,92.976,405.224,
p1727,305.999,405.251,
p1728,390.917,405.78,
p1729,302.855,405.923,
p1730,87.612,405.967,
p1731,303.317,405.982,
p1732,167.863,406.165,
p1733,120.956,406.173,
p1734,305.291,406.215,
p1735,270.593,406.391,
p1736,169.89,406.627,
p1737,126.54,406.846,
p1738,153.452,406.889,
p1739,195.68,407.109,
p1740,89.24,407.149,
p1741,305.034,407.174,
p1742,63.834,407.371,
p1743,301.158,407.389,
p1744,304.714,407.514,
p1745,405.399,407.597,
p1746,208.884,407.714,
p1747,232.737,408.015,
p1748,275.488,408.147,
p1749,287.802,408.291,
p1750,318.68,408.54,
p1751,228.677,408.656,
p1752,135.582,408.736,
p1753,191.883,408.816,
p1754,255.725,408.868,
p1755,73.7,408.875,
p1756,82.104,408.895,
p1757,130.995,408.988,
p1758,209.892,409.092,
p1759,227.285,409.217,
p1760,70.635,409.332,
p1761,266.255,409.427,
p1762,135.223,409.595,
p1763,160.665,409.705,
p1764,320.522,409.815,
p1765,90.167,410.206,
p1766,213.1,410.277,
p1767,138.504,410.321,
p1768,281.102,410.354,
p1769,284.847,410.361,
p1770,226.241,410.568,
p1771,107.758,410.612,
p1772,178.291,410.675,
p1773,209.163,410.84,
p1774,158.839,410.947,
p1775,351.67,410.951,
p1776,363.075,411.015,
p1777,415.817,411.583,
p1778,229.033,411.662,
p1779,336.566,411.77,
p1780,285.446,411.998,
p1781,260.778,412.067,
p1782,327.692,412.193,
p1783,341.677,412.277,
p1784,257.165,412.331,
p1785,102.502,412.379,
p1786,380.025,412.558,
p1787,279.12,412.833,
p1788,152.226,412.855,
p1789,403.768,412.856,
p1790,257.718,412.965,
p1791,367.371,413.262,
p1792,283.121,413.349,
p1793,169.409,413.67,
p1794,190.529,413.784,
p1795,190.273,413.899,
p1796,271.932,414.035,
p1797,95.789,414.043,
p1798,197.375,414.109,
p1799,109.047,414.293,
p1800,381.669,414.33,
p1801,315.492,414.358,
p1802,197.753,414.381,
p1803,221.842,414.473,
p1804,253.467,414.664,
p1805,139.782,415.115,
p1806,129.748,415.173,
p1807,383.414,415.2,
p1808,197.434,415.202,
p1809,269.046,415.209,
p1810,124.115,415.262,
p1811,80.432,415.289,
p1812,190.811,415.4,
p1813,220.093,415.472,
p1814,237.711,415.537,
p1815,264.897,415.572,
p1816,407.023,415.673,
p1817,295.996,415.991,
p1818,97.247,416.01,
p1819,315.275,416.778,
p1820,151.172,417.074,
p1821,118.479,417.095,
p1822,188.836,417.103,
p1823,281.86,417.163,
p1824,199.862,417.181,
p1825,295.567,417.203,
p1826,207.787,417.346,
p1827,188.622,417.373,
p1828,353.395,417.424,
p1829,258.27,417.529,
p1830,106.041,417.726,
p1831,308.96,417.742,
p1832,211.704,417.878,
p1833,173.589,417.888,
p1834,104.555,418.093,
p1835,335.207,418.16,
p1836,112.874,418.188,
p1837,354.632,418.37,
p1838,125.739,418.416,
p1839,234.507,418.468,
p1840,310.619,418.775,
p1841,387.325,418.898,
p1842,325.105,419.289,
p1843,382.581,419.315,
p1844,271.513,419.377,
p1845,212.78,419.444,
p1846,377.046,419.455,
p1847,140.49,419.932,
p1848,218.959,420.131,
p1849,317.028,420.228,
p1850,254.704,420.249,
p1851,309.1,420.443,
p1852,173.306,420.526,
p1853,92.599,420.669,
p1854,337.386,421.004,
p1855,134.898,421.141,
p1856,314.054,421.248,
p1857,154.881,421.634,
p1858,349.701,421.652,
p1859,201.895,421.718,
p1860,166.255,421.931,
p1861,378.984,422.004,
p1862,371.817,422.008,
p1863,99.406,422.288,
p1864,196.673,422.573,
p1865,330.035,422.856,
p1866,316.572,423.484,
p1867,118.361,423.503,
p1868,175.443,423.556,
p1869,283.699,423.558,
p1870,279.992,423.596,
p1871,212.343,423.602,
p1872,185.609,423.917,
p1873,366.829,424.024,
p1874,129.466,424.13,
p1875,218.038,424.521,
p1876,363.769,424.607,
p1877,338.379,424.652,
p1878,176.376,424.839,
p1879,271.134,424.855,
p1880,120.665,425.106,
p1881,311.792,425.296,
p1882,97.952,425.347,
p1883,297.329,425.654,
p1884,313,425.869,
p1885,340.875,426.126,
p1886,245.642,426.362,
p1887,319.669,426.467,
p1888,126.147,426.478,
p1889,293.242,426.633,
p1890,375.438,426.635,
p1891,175.931,426.949,
p1892,170.395,427.14,
p1893,281.535,427.357,
p1894,207.034,427.407,
p1895,137.681,427.607,
p1896,152.751,427.649,
p1897,150.81,427.675,
p1898,114.123,427.772,
p1899,200.928,427.941,
p1900,200.511,427.955,
p1901,287.307,428.207,
p1902,210.663,428.231,
p1903,128.275,428.488,
p1904,175.522,428.597,
p1905,186.077,429.118,
p1906,179.995,429.387,
p1907,321.488,429.445,
p1908,163.642,429.528,
p1909,205.247,429.563,
p1910,171.426,429.853,
p1911,177.699,430.005,
p1912,198.463,430.006,
p1913,158.042,430.115,
p1914,312.424,430.181,
p1915,251.255,430.57,
p1916,344.933,431.301,
p1917,277.793,431.339,
p1918,317.931,431.572,
p1919,134.386,431.874,
p1920,262.219,432.229,
p1921,173.95,432.248,
p1922,337.756,432.272,
p1923,157.268,432.455,
p1924,325.985,432.681,
p1925,309.701,432.849,
p1926,149.632,433.107,
p1927,219.665,434.107,
p1928,150.417,434.508,
p1929,264.571,434.546,
p1930,160.359,434.736,
p1931,272.937,434.785,
p1932,270.371,434.949,
p1933,322.39,435.133,
p1934,289.899,435.177,
p1935,225.679,435.41,
p1936,303.837,435.479,
p1937,206.045,436.023,
p1938,188.361,436.104,
p1939,169.052,436.336,
p1940,325.641,436.469,
p1941,265.566,436.524,
p1942,230.877,436.569,
p1943,264.409,436.615,
p1944,171.919,436.719,
p1945,293.566,436.723,
p1946,193.055,436.953,
p1947,213.511,437.019,
p1948,192.08,437.213,
p1949,183.244,437.523,
p1950,228.015,438.665,
p1951,288.79,438.928,
p1952,258.736,439.333,
p1953,297.477,439.6,
p1954,203.887,440.687,
p1955,298.536,440.791,
p1956,243.962,440.814,
p1957,238.526,441.593,
p1958,251.937,442.055,
p1959,200.09,442.546,
p1960,272.275,445.758,
p1961,216.038,64.569,
p1962,259.969,68.072,
p1963,226.852,68.191,
p1964,126.801,68.228,
p1965,190.483,68.481,
p1966,47.035,68.538,
p1967,309.29,68.687,
p1968,231.062,68.763,
p1969,133.637,68.782,
p1970,121.143,68.878,
p1971,54.094,68.93,
p1972,113.246,69.092,
p1973,217.701,69.131,
p1974,264.302,69.184,
p1975,116.821,69.283,
p1976,251.889,69.384,
p1977,284.77,69.565,
p1978,32.783,69.609,
p1979,90.353,69.805,
p1980,115.059,70.588,
p1981,293.519,70.663,
p1982,242.242,70.84,
p1983,81.168,70.878,
p1984,21.727,71.013,
p1985,275.25,71.139,
p1986,233.191,71.16,
p1987,152.262,71.197,
p1988,253.069,71.225,
p1989,327.389,71.249,
p1990,121.669,71.339,
p1991,145.722,71.481,
p1992,278.585,71.559,
p1993,320.408,71.723,
p1994,188.685,71.897,
p1995,48.953,71.91,
p1996,201.272,72.19,
p1997,132.484,72.435,
p1998,298.292,72.518,
p1999,281.398,72.732,
p2000,58.985,72.888,
p2001,311.518,72.891,
p2002,162.008,73.114,
p2003,130.284,73.427,
p2004,146.881,73.517,
p2005,170.891,73.995,
p2006,206.398,74.276,
p2007,40.033,74.325,
p2008,269.955,74.645,
p2009,174.767,74.719,
p2010,214.988,74.723,
p2011,324.542,75.255,
p2012,150.483,75.369,
p2013,129.035,75.443,
p2014,155.305,75.505,
p2015,211.502,75.519,
p2016,50.613,75.772,
p2017,102.179,75.819,
p2018,73.408,75.876,
p2019,29.382,76.012,
p2020,65.628,76.131,
p2021,24.719,76.158,
p2022,151.859,76.227,
p2023,64.69,76.368,
p2024,305.816,76.428,
p2025,195.407,76.619,
p2026,17.618,76.707,
p2027,54.673,76.753,
p2028,60.474,76.761,
p2029,318.516,76.837,
p2030,321.917,76.855,
p2031,35.155,77.012,
p2032,247.068,77.082,
p2033,253.91,77.438,
p2034,331.232,77.468,
p2035,142.261,77.667,
p2036,184.225,77.736,
p2037,55.245,77.925,
p2038,22.438,77.946,
p2039,220.875,78.13,
p2040,300.542,78.151,
p2041,199.753,78.471,
p2042,113.973,78.928,
p2043,50.868,78.939,
p2044,276.967,78.989,
p2045,90.211,79.071,
p2046,187.05,79.109,
p2047,68.587,79.172,
p2048,89.968,79.221,
p2049,255.24,79.41,
p2050,109.145,79.592,
p2051,164.547,79.603,
p2052,317.82,80.373,
p2053,23.927,80.504,
p2054,183.279,80.504,
p2055,289.186,80.511,
p2056,28.05,80.915,
p2057,250.365,81.036,
p2058,178.396,81.042,
p2059,28.819,81.143,
p2060,323.43,81.213,
p2061,77.37,81.326,
p2062,283.176,81.482,
p2063,247.943,81.576,
p2064,38.135,81.592,
p2065,105.994,81.689,
p2066,79.447,81.78,
p2067,100.859,81.948,
p2068,173.988,82.143,
p2069,89.099,82.281,
p2070,214.795,82.535,
p2071,284.032,83.041,
p2072,219.699,83.054,
p2073,248.964,83.423,
p2074,107.399,83.517,
p2075,140.64,83.611,
p2076,329.821,83.693,
p2077,130.003,83.758,
p2078,172.473,83.817,
p2079,254.236,84.097,
p2080,313.376,84.138,
p2081,203.77,84.203,
p2082,125.307,84.468,
p2083,45.832,84.49,
p2084,75.458,84.596,
p2085,112.016,84.655,
p2086,41.348,84.674,
p2087,51.149,85.005,
p2088,315.754,85.203,
p2089,267.122,85.436,
p2090,297.382,85.729,
p2091,231.815,86.061,
p2092,307.544,86.256,
p2093,176.354,86.404,
p2094,284.96,86.528,
p2095,67.625,86.571,
p2096,139.114,86.722,
p2097,234.676,86.8,
p2098,100.566,87.184,
p2099,290.86,87.39,
p2100,65.152,87.445,
p2101,140.329,87.487,
p2102,91.613,87.869,
p2103,125.958,88.053,
p2104,301.209,88.087,
p2105,96.868,88.464,
p2106,170.37,88.633,
p2107,158.962,88.723,
p2108,137.036,88.84,
p2109,71.383,88.961,
p2110,228.559,89.153,
p2111,26.029,89.203,
p2112,214.032,89.258,
p2113,285.57,89.352,
p2114,59.543,89.465,
p2115,138.531,89.481,
p2116,205.344,89.501,
p2117,92.804,89.609,
p2118,160.633,90.148,
p2119,70.26,90.168,
p2120,21.191,90.175,
p2121,216.693,90.176,
p2122,209.759,90.274,
p2123,302.575,90.312,
p2124,143.856,90.406,
p2125,67.907,90.611,
p2126,276.088,90.629,
p2127,88.006,90.715,
p2128,299.906,91.006,
p2129,171.044,91.052,
p2130,331.807,91.092,
p2131,119.989,91.217,
p2132,176.423,91.278,
p2133,149.279,91.325,
p2134,167.107,91.329,
p2135,143.313,91.353,
p2136,174.943,91.396,
p2137,185.274,91.51,
p2138,213.281,91.533,
p2139,84.65,91.606,
p2140,81.736,91.847,
p2141,271.966,92.033,
p2142,108.697,92.295,
p2143,319.142,92.307,
p2144,282.125,92.573,
p2145,289.827,92.748,
p2146,224.473,92.762,
p2147,123.146,92.857,
p2148,182.346,93.09,
p2149,180.999,93.371,
p2150,319.819,93.381,
p2151,314.32,93.69,
p2152,245.298,93.733,
p2153,325.169,93.746,
p2154,147.988,93.752,
p2155,305.636,93.766,
p2156,326.576,93.977,
p2157,142.553,94.007,
p2158,279.95,94.095,
p2159,34.828,94.239,
p2160,229.302,94.68,
p2161,269.226,94.857,
p2162,280.481,94.905,
p2163,304.076,95.292,
p2164,310.945,95.436,
p2165,270.629,95.601,
p2166,99.083,95.623,
p2167,172.993,95.744,
p2168,192.915,95.776,
p2169,128.415,95.79,
p2170,295.165,96.015,
p2171,32.332,96.076,
p2172,287.144,96.099,
p2173,45.044,96.237,
p2174,262.497,96.386,
p2175,236.939,96.547,
p2176,18.619,96.615,
p2177,30.025,97.059,
p2178,292.227,97.319,
p2179,151.36,97.467,
p2180,218.971,97.701,
p2181,83.275,97.813,
p2182,204.796,97.934,
p2183,67.156,98.011,
p2184,218.354,98.038,
p2185,238.965,98.246,
p2186,260.378,98.251,
p2187,163.495,98.358,
p2188,175.281,98.624,
p2189,80.47,99.037,
p2190,127.306,99.195,
p2191,103.745,99.497,
p2192,243.78,99.689,
p2193,268.029,99.763,
p2194,267.519,99.886,
p2195,118.059,100.328,
p2196,325.927,100.549,
p2197,73.978,100.794,
p2198,207.397,100.795,
p2199,159.43,101.157,
p2200,168.411,101.163,
p2201,237.872,101.487,
p2202,165.358,101.519,
p2203,237.318,101.524,
p2204,328.292,101.575,
p2205,240.2,101.601,
p2206,272.841,101.612,
p2207,165.878,101.694,
p2208,261.697,101.72,
p2209,61.133,101.851,
p2210,31.865,101.905,
p2211,236.33,102.284,
p2212,102.728,102.351,
p2213,71.598,102.415,
p2214,159.945,102.417,
p2215,302.044,102.431,
p2216,62.701,102.641,
p2217,98.283,102.789,
p2218,161.741,102.86,
p2219,38.412,102.886,
p2220,134.135,102.904,
p2221,259.747,102.947,
p2222,273.514,102.993,
p2223,88.192,103.002,
p2224,233.505,103.258,
p2225,187.762,103.601,
p2226,321.573,103.626,
p2227,93.934,103.76,
p2228,193.371,103.796,
p2229,135.355,104.132,
p2230,36.662,104.369,
p2231,314.72,104.4,
p2232,39.133,104.498,
p2233,301.723,105.178,
p2234,207.05,105.296,
p2235,316.657,105.436,
p2236,95.38,105.52,
p2237,122.636,105.828,
p2238,208.624,105.845,
p2239,74.73,105.853,
p2240,241.581,106.008,
p2241,92.035,106.078,
p2242,197.053,106.129,
p2243,330.499,106.441,
p2244,221.783,106.579,
p2245,235.862,106.819,
p2246,126.396,107.061,
p2247,299.646,107.462,
p2248,291.655,108.077,
p2249,162.565,108.361,
p2250,317.621,108.413,
p2251,259.006,108.686,
p2252,232.675,108.73,
p2253,107.594,109.229,
p2254,246.555,109.607,
p2255,107.186,109.662,
p2256,291.912,109.756,
p2257,14.943,109.986,
p2258,263.578,110.154,
p2259,124.427,110.471,
p2260,182.642,110.55,
p2261,69.485,110.585,
p2262,243.13,110.616,
p2263,42.772,110.768,
p2264,124.332,110.81,
p2265,226.114,110.826,
p2266,141.028,110.828,
p2267,57.366,110.88,
p2268,37.275,111.523,
p2269,110.56,111.854,
p2270,312.287,111.995,
p2271,117.429,112.038,
p2272,152.64,112.135,
p2273,33.276,112.226,
p2274,20.122,112.335,
p2275,156.552,112.412,
p2276,44.408,112.495,
p2277,196.111,112.736,
p2278,224.993,112.877,
p2279,56.858,113.207,
p2280,199.195,113.672,
p2281,279.222,113.841,
p2282,99.84,113.858,
p2283,144.907,113.889,
p2284,257.113,113.893,
p2285,216.907,114.343,
p2286,151.554,114.535,
p2287,157.445,116.146,
p2288,271.068,116.208,
p2289,638.429,69.833,
p2290,646.873,70.219,
p2291,642.615,70.236,
p2292,637.159,73.381,
p2293,646.356,76.271,
p2294,628.895,77.097,
p2295,653.458,77.615,
p2296,648.93,79.587,
p2297,628.01,79.848,
p2298,633.666,80.951,
p2299,635.234,81.065,
p2300,630.515,81.439,
p2301,633.983,81.757,
p2302,651.337,82.528,
p2303,633.844,84.471,
p2304,644.083,85.89,
p2305,628.277,87.093,
p2306,650.184,87.129,
p2307,642.5,87.839,
p2308,619.365,89.899,
p2309,641.343,90.272,
p2310,631.953,90.276,
p2311,645.859,90.376,
p2312,652.053,90.481,
p2313,635.287,92.205,
p2314,650.558,92.824,
p2315,629.853,94.01,
p2316,660.985,94.011,
p2317,616.468,94.085,
p2318,659.341,96.81,
p2319,655.865,99.736,
p2320,658.268,100.376,
p2321,643.042,102.249,
p2322,616.289,102.478,
p2323,648.069,102.873,
p2324,645.295,105.293,
p2325,629.751,106.066,
p2326,647.14,108.757,
p2327,656.369,110.216,
p2328,639.052,110.412,
p2329,637.992,112.942,
p2330,626.31,113.467,
p2331,613.896,117.119,
p2332,626.995,117.563,
p2333,649.304,117.694,
p2334,628.444,118.015,
p2335,660.578,118.683,
p2336,624.272,120.167,
p2337,647.534,121.18,
p2338,652.477,121.476,
p2339,623.795,121.7,
p2340,646.952,121.884,
p2341,615.776,123.529,
p2342,650.71,123.953,
p2343,631.923,124.434,
p2344,658.523,125.339,
p2345,625.508,125.495,
p2346,640.05,125.601,
p2347,617.471,127.921,
p2348,627.604,129.176,
p2349,636.495,129.319,
p2350,625.735,129.76,
p2351,634.514,130.263,
p2352,622.163,130.69,
p2353,649.648,131.033,
p2354,618.195,132.638,
p2355,610.536,132.741,
p2356,634.382,133.032,
p2357,612.218,134.758,
p2358,619.071,135.846,
p2359,662.65,136.899,
p2360,658.723,138.197,
p2361,651.528,138.403,
p2362,661.357,140.724,
p2363,644.799,141.261,
p2364,636.913,141.899,
p2365,639.199,142.088,
p2366,643.383,143.582,
p2367,628.99,145.241,
p2368,658.936,145.456,
p2369,625.444,145.547,
p2370,659.866,145.636,
p2371,630.689,145.696,
p2372,639.847,146.073,
p2373,615.64,148.389,
p2374,629.251,148.398,
p2375,650.806,149.221,
p2376,656.952,150.523,
p2377,604.735,150.861,
p2378,626.521,150.995,
p2379,617.633,151.196,
p2380,647.191,152.708,
p2381,646.492,152.897,
p2382,619.496,154.315,
p2383,627.27,154.611,
p2384,639.284,155.42,
p2385,622.555,155.503,
p2386,625.851,156.341,
p2387,643.606,156.761,
p2388,609.945,158.653,
p2389,602.53,160.501,
p2390,657.65,160.602,
p2391,635.719,161.542,
p2392,622.699,162.277,
p2393,637.024,162.813,
p2394,639.967,162.975,
p2395,639.365,163.731,
p2396,620.534,164.019,
p2397,630.962,164.268,
p2398,621.702,164.641,
p2399,620.159,165.072,
p2400,662.146,165.24,
p2401,650.876,165.404,
p2402,648.855,167.315,
p2403,624.875,168.281,
p2404,654.176,168.852,
p2405,631.85,168.909,
p2406,611.298,168.946,
p2407,602.919,169.31,
p2408,650.435,169.443,
p2409,619.291,169.777,
p2410,615.414,170.371,
p2411,616.396,170.894,
p2412,644.034,172.01,
p2413,642.844,172.614,
p2414,649.544,172.643,
p2415,657.885,173.242,
p2416,651.132,174.202,
p2417,643.42,175.624,
p2418,642.241,176.611,
p2419,632.65,178.971,
p2420,628.554,179.042,
p2421,618.682,179.581,
p2422,656.563,179.591,
p2423,641.56,181.521,
p2424,636.046,181.612,
p2425,653.977,182.634,
p2426,639.708,183.47,
p2427,638.731,183.472,
p2428,601.317,184.681,
p2429,623.263,184.972,
p2430,620.703,185.233,
p2431,612.437,185.931,
p2432,610.704,186.45,
p2433,615.151,186.791,
p2434,602.679,187.337,
p2435,607.416,188.377,
p2436,647.937,189.06,
p2437,657.491,189.694,
p2438,638.975,191.449,
p2439,651.958,192.903,
p2440,604.409,193.249,
p2441,632.028,194.416,
p2442,601.576,194.947,
p2443,640.128,195.589,
p2444,609.228,195.754,
p2445,624.375,196.041,
p2446,645.81,196.052,
p2447,613.66,196.166,
p2448,625.616,196.519,
p2449,646.799,197.472,
p2450,633.093,198.324,
p2451,614.3,198.526,
p2452,613.055,198.557,
p2453,608.58,199.304,
p2454,635.52,199.74,
p2455,601.033,200.945,
p2456,652.831,202.27,
p2457,609.127,204.111,
p2458,605.49,204.686,
p2459,611.829,204.873,
p2460,619.031,205.036,
p2461,614.423,205.113,
p2462,657.772,205.355,
p2463,657.381,206.686,
p2464,631.138,206.869,
p2465,623.037,207.234,
p2466,612.316,209.244,
p2467,631.43,210.478,
p2468,607.942,210.84,
p2469,605.976,211.04,
p2470,618.437,212.16,
p2471,634.796,212.666,
p2472,610.961,213.425,
p2473,610.153,215.188,
p2474,633.422,218.453,
p2475,608.146,219.188,
p2476,633.557,219.878,
p2477,604.556,220.79,
p2478,623.087,221.653,
p2479,613.606,222.104,
p2480,615.063,222.315,
p2481,627.911,223.012,
p2482,604.254,223.408,
p2483,607.289,224.486,
p2484,644.213,224.599,
p2485,598.838,224.764,
p2486,608.264,225.201,
p2487,623.982,225.693,
p2488,617.815,225.705,
p2489,609.06,226.166,
p2490,598.718,226.987,
p2491,654.422,231.377,
p2492,625.301,232.053,
p2493,639.147,233.532,
p2494,643.697,233.82,
p2495,631.229,234.764,
p2496,644.494,235.512,
p2497,636.19,236.904,
p2498,613.143,237.416,
p2499,648.744,239.676,
p2500,617.003,239.865,
p2501,621.991,241.452,
p2502,595.235,241.921,
p2503,614.255,242.22,
p2504,625.158,242.82,
p2505,615.254,243.125,
p2506,656.057,243.157,
p2507,602.706,243.216,
p2508,642.662,245.097,
p2509,626.823,247.105,
p2510,642.879,248.146,
p2511,608.849,248.307,
p2512,597.123,251.997,
p2513,627.196,252.452,
p2514,590.237,253.125,
p2515,606.155,253.36,
p2516,626.671,254.995,
p2517,631.705,255.064,
p2518,611.046,256.673,
p2519,607.867,257.979,
p2520,612.879,258.661,
p2521,620.419,259.859,
p2522,600.872,260.058,
p2523,640.509,260.983,
p2524,632.566,261.732,
p2525,632.969,261.954,
p2526,637.637,262.346,
p2527,600.762,262.49,
p2528,609.641,262.757,
p2529,598.192,262.925,
p2530,633.248,263.68,
p2531,613.565,264.571,
p2532,596.028,264.929,
p2533,605.868,266.005,
p2534,606.284,266.339,
p2535,630.267,266.767,
p2536,590.664,267.344,
p2537,634.972,268.941,
p2538,629.951,269.953,
p2539,566.779,270.141,
p2540,624.628,270.96,
p2541,592.434,271.299,
p2542,563.985,272.66,
p2543,582.921,272.69,
p2544,558.108,272.722,
p2545,576.439,273.065,
p2546,617.069,273.229,
p2547,606.928,273.56,
p2548,592.685,274.15,
p2549,604.825,274.538,
p2550,550.221,276.31,
p2551,631.365,277.22,
p2552,618.024,277.472,
p2553,609.564,277.599,
p2554,551.227,277.835,
p2555,561.011,278.402,
p2556,610.315,279.406,
p2557,630.816,279.596,
p2558,586.251,279.724,
p2559,615.035,280.036,
p2560,544.102,280.259,
p2561,596.122,280.357,
p2562,551.038,280.461,
p2563,627.389,280.766,
p2564,629.581,280.84,
p2565,583.927,280.909,
p2566,567.411,281.058,
p2567,563.615,281.11,
p2568,535.18,281.514,
p2569,588.253,281.569,
p2570,601.208,281.781,
p2571,628.756,281.994,
p2572,566.374,282.239,
p2573,553.029,282.259,
p2574,554.812,282.421,
p2575,591.563,282.493,
p2576,538.109,282.559,
p2577,614.086,282.568,
p2578,619.945,283.01,
p2579,550.033,283.092,
p2580,598.961,284.439,
p2581,598.586,284.883,
p2582,599.292,285.253,
p2583,603.992,287.038,
p2584,589.273,287.346,
p2585,537.23,287.784,
p2586,611.121,288.272,
p2587,584.461,288.812,
p2588,550.336,288.853,
p2589,545.758,289.376,
p2590,586.055,289.412,
p2591,562.703,289.468,
p2592,585.755,290.904,
p2593,574.252,290.973,
p2594,582.679,290.978,
p2595,549.662,291.402,
p2596,592.2,291.789,
p2597,581.772,291.836,
p2598,564.464,292.351,
p2599,586.942,292.405,
p2600,567.92,293.421,
p2601,566.964,293.507,
p2602,610.904,293.739,
p2603,583.331,293.777,
p2604,584.405,294.012,
p2605,549.789,294.089,
p2606,585.28,294.418,
p2607,583.83,294.789,
p2608,597.681,294.973,
p2609,535.768,295.254,
p2610,604.995,295.599,
p2611,545.803,295.735,
p2612,571.74,296.147,
p2613,536.682,296.948,
p2614,588.979,296.993,
p2615,574.955,297.113,
p2616,603.368,297.967,
p2617,529.14,298.157,
p2618,554.264,299.127,
p2619,524.605,299.439,
p2620,557.589,299.657,
p2621,560.629,300.508,
p2622,588.882,301.082,
p2623,580.291,302.288,
p2624,599.632,302.326,
p2625,528.668,302.446,
p2626,550.772,303.124,
p2627,520.891,303.156,
p2628,562.2,303.45,
p2629,553.389,304.069,
p2630,554.076,304.111,
p2631,565.244,304.849,
p2632,552.828,304.859,
p2633,545.118,305.189,
p2634,574.787,305.203,
p2635,548.781,305.562,
p2636,531.641,306.148,
p2637,580.045,306.605,
p2638,536.437,306.857,
p2639,581.364,307.078,
p2640,542.73,307.096,
p2641,566.065,308.456,
p2642,589.452,309.517,
p2643,581.997,309.537,
p2644,572.642,309.685,
p2645,564.544,310.094,
p2646,551.375,310.51,
p2647,592.919,310.886,
p2648,572.525,310.948,
p2649,593.848,312.823,
p2650,573.861,313.341,
p2651,570.477,313.669,
p2652,592.084,314.374,
p2653,543.406,314.782,
p2654,587.403,314.782,
p2655,572.385,315.254,
p2656,543.885,315.921,
p2657,532.48,316.115,
p2658,568.736,316.53,
p2659,542.344,317.173,
p2660,561.695,317.556,
p2661,557.155,319.103,
p2662,521.94,319.312,
p2663,530.896,320.019,
p2664,519.322,320.204,
p2665,551.946,321.267,
p2666,525.257,321.555,
p2667,557.719,322.275,
p2668,529.494,322.42,
p2669,565.606,323.526,
p2670,558.038,324.983,
p2671,513.127,325.576,
p2672,539.567,325.635,
p2673,511.288,325.661,
p2674,562.505,326.106,
p2675,524.815,326.561,
p2676,562.334,326.591,
p2677,542.555,326.774,
p2678,526.977,329.825,
p2679,510.187,332.044,
p2680,527.642,333.275,
p2681,535.357,333.618,
p2682,530.679,334.881,
p2683,521.398,336.101,
p2684,506.014,336.845,
p2685,544.957,338.278,
p2686,516.405,338.377,
p2687,559.536,338.844,
p2688,516.866,340.122,
p2689,516.175,340.423,
p2690,533.031,342.258,
p2691,516.709,342.967,
p2692,507.298,343.141,
p2693,526.655,343.227,
p2694,537.073,343.324,
p2695,531.384,344.036,
p2696,559.947,344.313,
p2697,551.8,344.665,
p2698,532.63,346.463,
p2699,549.928,346.87,
p2700,512.998,347.134,
p2701,506.282,347.256,
p2702,549.219,347.288,
p2703,549.046,347.325,
p2704,556.37,347.521,
p2705,530.543,347.717,
p2706,517.124,348.839,
p2707,505.591,349.722,
p2708,533.873,350.12,
p2709,546.092,350.246,
p2710,506.8,351.681,
p2711,514.726,352.324,
p2712,563.16,352.825,
p2713,560.466,353.041,
p2714,496.813,353.348,
p2715,523.78,353.627,
p2716,539.062,354.104,
p2717,515.737,354.633,
p2718,512.512,354.649,
p2719,545.246,354.684,
p2720,535.007,354.879,
p2721,531.92,355.585,
p2722,528.132,357.187,
p2723,509.195,357.335,
p2724,545.841,357.713,
p2725,564.763,360.585,
p2726,496.355,360.734,
p2727,526.393,362.78,
p2728,533.479,362.868,
p2729,534.698,363.307,
p2730,514.931,364.027,
p2731,508.735,364.085,
p2732,544.336,365.089,
p2733,536.211,368.434,
p2734,544.616,368.465,
p2735,518.741,368.731,
p2736,549.438,368.815,
p2737,552.761,369.18,
p2738,527.74,370.741,
p2739,529.853,371.235,
p2740,507.817,371.655,
p2741,537.48,372.144,
p2742,514.38,372.154,
p2743,540.382,372.201,
p2744,522.716,372.396,
p2745,547.908,373.611,
p2746,563.812,373.659,
p2747,570.276,374.89,
p2748,537.858,375.534,
p2749,566.252,376.006,
p2750,522.372,376.576,
p2751,541.593,376.772,
p2752,546.888,377.032,
p2753,582.543,378.021,
p2754,573.339,379.514,
p2755,572.883,380.49,
p2756,584.977,380.705,
p2757,506.593,380.706,
p2758,564.637,382.724,
p2759,560.103,383.985,
p2760,568.561,384.308,
p2761,582.386,384.61,
p2762,544.506,384.68,
p2763,602.052,385.07,
p2764,626.183,385.463,
p2765,623.634,386.466,
p2766,557.014,386.488,
p2767,616.898,386.718,
p2768,524.271,387.662,
p2769,497.011,388.034,
p2770,564.948,388.251,
p2771,576.761,388.831,
p2772,561.196,389.205,
p2773,594.78,390.005,
p2774,630.417,390.87,
p2775,575.553,391.146,
p2776,623.474,391.353,
p2777,528.987,391.381,
p2778,623.929,392.063,
p2779,500.079,392.084,
p2780,621.458,392.174,
p2781,627.516,392.205,
p2782,609.448,392.217,
p2783,556.283,393.042,
p2784,614.765,393.269,
p2785,624.527,393.526,
p2786,568.984,393.64,
p2787,518.845,393.922,
p2788,538.624,394.299,
p2789,613.404,394.391,
p2790,557.228,394.627,
p2791,546.581,395.05,
p2792,529.239,395.06,
p2793,553.648,395.396,
p2794,620.747,395.5,
p2795,637.922,396.26,
p2796,619.682,396.262,
p2797,620.355,396.944,
p2798,640.872,396.954,
p2799,647.756,397.113,
p2800,517.716,397.381,
p2801,509.624,398.128,
p2802,584.55,398.314,
p2803,515.617,398.462,
p2804,534.354,398.824,
p2805,658.107,398.942,
p2806,523.036,399.07,
p2807,540.774,399.332,
p2808,512.329,399.97,
p2809,659.654,400.335,
p2810,580.489,400.387,
p2811,656.659,400.523,
p2812,497.553,400.884,
p2813,580.793,400.915,
p2814,652.585,401.112,
p2815,653.301,401.142,
p2816,634.716,401.244,
p2817,664.506,402.044,
p2818,607.694,402.076,
p2819,631.776,402.169,
p2820,596.177,402.183,
p2821,638.123,402.948,
p2822,666.425,403.01,
p2823,569.496,403.554,
p2824,523.135,404.033,
p2825,591.13,404.274,
p2826,514.003,404.715,
p2827,540.47,405.085,
p2828,556,405.256,
p2829,634.319,405.427,
p2830,636.7,405.742,
p2831,517.442,406.077,
p2832,637.681,406.356,
p2833,507.08,406.499,
p2834,532.885,407.271,
p2835,561.513,407.344,
p2836,657.817,408.07,
p2837,576.475,408.079,
p2838,519.845,408.173,
p2839,605.298,408.676,
p2840,525.329,408.777,
p2841,609.738,408.906,
p2842,643.854,409.022,
p2843,632.419,409.502,
p2844,531.025,409.594,
p2845,665.24,409.595,
p2846,656.889,409.615,
p2847,543.174,409.724,
p2848,583.483,409.846,
p2849,559.64,410.03,
p2850,521.159,410.444,
p2851,594.187,410.605,
p2852,531.474,410.911,
p2853,537.59,410.962,
p2854,589.913,410.969,
p2855,559.715,411.3,
p2856,644.994,411.51,
p2857,522.47,411.807,
p2858,522.187,411.914,
p2859,558.783,412.258,
p2860,546.742,412.305,
p2861,523.594,412.541,
p2862,617.726,412.715,
p2863,571.524,413.035,
p2864,543.677,413.373,
p2865,624.702,413.612,
p2866,513.46,413.998,
p2867,541.81,414.169,
p2868,593.963,414.261,
p2869,644.629,414.595,
p2870,638.329,414.601,
p2871,625.101,414.69,
p2872,544.225,414.718,
p2873,548.348,415.317,
p2874,648.34,415.376,
p2875,656.796,416.111,
p2876,622.982,416.399,
p2877,639.921,416.485,
p2878,527.026,416.579,
p2879,544.763,416.649,
p2880,518.294,416.867,
p2881,680.701,416.937,
p2882,536.556,417.417,
p2883,650.36,418.248,
p2884,577.566,418.34,
p2885,654.665,418.648,
p2886,662.413,418.669,
p2887,588.025,419.772,
p2888,509.088,420.189,
p2889,517.639,420.626,
p2890,615.942,420.748,
p2891,555.656,421.388,
p2892,541.292,421.412,
p2893,606.456,421.616,
p2894,555.477,422.03,
p2895,641.059,422.102,
p2896,683.671,422.505,
p2897,663.05,422.637,
p2898,595.394,422.642,
p2899,602.168,422.725,
p2900,639.621,422.884,
p2901,642.005,422.946,
p2902,503.099,423.039,
p2903,552.192,423.151,
p2904,645.575,423.792,
p2905,675.769,424.198,
p2906,547.195,424.432,
p2907,614.932,424.576,
p2908,557.78,425.207,
p2909,667.073,425.59,
p2910,510.521,426.533,
p2911,632.094,426.829,
p2912,555.071,427.039,
p2913,664.939,427.302,
p2914,534.138,427.444,
p2915,600.056,427.462,
p2916,606.664,427.974,
p2917,591.859,428.001,
p2918,645.176,428.255,
p2919,670.508,428.31,
p2920,561.414,428.466,
p2921,613.794,428.565,
p2922,559.657,428.669,
p2923,560.38,429.224,
p2924,671.176,429.473,
p2925,550.407,429.628,
p2926,496.552,429.749,
p2927,598.298,430.209,
p2928,681.532,430.285,
p2929,666.825,430.519,
p2930,576.034,430.531,
p2931,541.993,430.812,
p2932,531.421,430.824,
p2933,649.929,431.409,
p2934,677.589,431.481,
p2935,548.547,431.905,
p2936,519.073,431.995,
p2937,568.102,432.006,
p2938,635.104,432.828,
p2939,505.11,432.984,
p2940,579.018,433.463,
p2941,618.99,433.662,
p2942,526.011,433.833,
p2943,518.055,433.979,
p2944,571.178,434.044,
p2945,605.596,434.319,
p2946,524.43,434.446,
p2947,660.227,434.59,
p2948,517.953,434.911,
p2949,673.834,435.254,
p2950,622.07,435.692,
p2951,595.016,436.412,
p2952,584.847,436.565,
p2953,644.594,436.61,
p2954,618.814,436.923,
p2955,549.33,437.57,
p2956,607.165,437.833,
p2957,508.218,438.065,
p2958,632.776,438.067,
p2959,672.278,438.864,
p2960,512.791,438.881,
p2961,523.964,438.922,
p2962,641.493,439.113,
p2963,511.816,439.857,
p2964,646.095,440.274,
p2965,539.492,440.442,
p2966,545.038,440.497,
p2967,552.415,440.576,
p2968,637.852,440.88,
p2969,647.44,440.969,
p2970,570.518,441.199,
p2971,668.521,441.215,
p2972,647.346,441.747,
p2973,649.06,442.005,
p2974,655.122,442.006,
p2975,554.389,442.29,
p2976,540.557,442.73,
p2977,601.448,442.844,
p2978,612.047,442.94,
p2979,594.482,443.222,
p2980,645.027,443.565,
p2981,514.101,444.018,
p2982,518.556,444.059,
p2983,573.011,444.297,
p2984,603.032,444.463,
p2985,555.255,445.01,
p2986,593.286,445.038,
p2987,558.663,445.26,
p2988,591.195,445.414,
p2989,661.845,445.446,
p2990,602.472,445.846,
p2991,601.816,446.305,
p2992,564.269,446.346,
p2993,609.013,446.653,
p2994,520.396,447.219,
p2995,560.053,447.272,
p2996,637.739,447.422,
p2997,638.559,448.135,
p2998,587.828,448.49,
p2999,629.202,448.54,
p3000,627.726,450.15,
p3001,621.208,451.384,
p3002,538.157,452.418,
p3003,629.318,452.661,
p3004,657.117,452.665,
p3005,559.182,452.682,
p3006,545.589,452.721,
p3007,602.373,453.472,
p3008,551.717,453.653,
p3009,653.791,453.915,
p3010,612.672,454.15,
p3011,558.219,454.31,
p3012,547.3,454.506,
p3013,612.535,455.623,
p3014,578.35,455.69,
p3015,538.964,455.895,
p3016,534.608,455.959,
p3017,621.903,455.992,
p3018,618.075,456.074,
p3019,562.08,456.396,
p3020,617.962,457.551,
p3021,568.39,457.755,
p3022,573.75,458.924,
p3023,565.86,459.454,
p3024,561.304,459.931,
p3025,578.67,460.61,
p3026,554.716,460.908,
p3027,577.082,461.731,
p3028,569.221,462.349,
p3029,556.636,464.758,
p3030,557.293,465.752
