,,,,,,,,,,,,,,,,,,
p0,[p27,p12,p22,p19,],1,3095.04,,p0,[p27,p12,p22,p19,],1,3095.04,0,0
p1,[p4,p16,p12,p27,],1,3095.08,,p1,[p4,p16,p12,p27,],1,3095.08,1,1
p2,[p34,p1,p30,p27,],0,3094.82,,p2,[p34,p1,p30,p27,],0,3094.82,2,2
p3,[p27,p19,p37,p16,],0,3095.54,,p3,[p27,p19,p37,p16,],0,3095.54,3,3
p4,[p22,p12,p24,p30,],36,3094.94,,p4,[p22,p12,p24,p30,],36,3094.94,4,4
p5,[p4,p16,p12,p22,],0,3096.14,,p5,[p4,p16,p12,p22,],0,3096.14,5,5
p6,[p30,p22,p16,p12,],2,3095.62,,p6,[p30,p22,p16,p12,],2,3095.62,6,6
p7,[p16,p22,p12,p30,],0,3094.89,,p7,[p16,p22,p12,p30,],0,3094.89,7,7
p8,[p27,p12,p24,p22,],0,3095.63,,p8,[p27,p12,p24,p22,],0,3095.63,8,8
p9,[p27,p19,p12,p22,],0,3095.58,,p9,[p27,p19,p12,p22,],0,3095.58,9,9
p10,[p30,p29,p12,p28,],0,3095.26,,p10,[p30,p29,p12,p28,],0,3095.26,10,10
p11,[p22,p4,p30,p12,],1,3095.86,,p11,[p22,p4,p30,p12,],1,3095.86,11,11
p12,[p22,p4,p16,p24,],38,3095.18,,p12,[p22,p4,p16,p24,],38,3095.18,12,12
p13,[p24,p4,p12,p30,],0,3095.92,,p13,[p24,p4,p12,p30,],0,3095.92,13,13
p14,[p29,p27,p4,p30,],0,3095.64,,p14,[p29,p27,p4,p30,],0,3095.64,14,14
p15,[p12,p22,p4,p30,],0,3094.82,,p15,[p12,p22,p4,p30,],0,3094.82,15,15
p16,[p12,p22,p4,p24,],20,3095.3,,p16,[p12,p22,p4,p24,],20,3095.3,16,16
p17,[p22,p19,p30,p33,],0,3094.99,,p17,[p22,p19,p30,p33,],0,3094.99,17,17
p18,[p49,p30,p29,p4,],0,3095.2,,p18,[p49,p30,p29,p4,],0,3095.2,18,18
p19,[p22,p16,p4,p12,],19,3095.41,,p19,[p22,p16,p4,p12,],19,3095.41,19,19
p20,[p4,p16,p24,p27,],0,3094.99,,p20,[p4,p16,p24,p27,],0,3094.99,20,20
p21,[p24,p19,p12,p22,],1,3094.87,,p21,[p24,p19,p12,p22,],1,3094.87,21,21
p22,[p12,p4,p30,p16,],38,3095.16,,p22,[p12,p4,p30,p16,],38,3095.16,22,22
p23,[p24,p37,p30,p12,],0,3094.53,,p23,[p24,p37,p30,p12,],0,3094.53,23,23
p24,[p12,p22,p4,p30,],18,3095.15,,p24,[p12,p22,p4,p30,],18,3095.15,24,24
p25,[p21,p19,p28,p61,],0,3093.03,,p25,[p21,p19,p28,p61,],0,3093.03,25,25
p26,[p59,p27,p12,p24,],0,3096.28,,p26,[p59,p27,p12,p24,],0,3096.28,26,26
p27,[p22,p4,p12,p19,],17,3095.45,,p27,[p22,p4,p12,p19,],17,3095.45,27,27
p28,[p12,p4,p22,p30,],3,3094.8,,p28,[p12,p4,p22,p30,],3,3094.8,28,28
p29,[p12,p4,p16,p22,],8,3095.21,,p29,[p12,p4,p16,p22,],8,3095.21,29,29
p30,[p22,p12,p4,p24,],33,3095.47,,p30,[p22,p12,p4,p24,],33,3095.47,30,30
p31,[p4,p12,p30,p24,],1,3094.68,,p31,[p4,p12,p30,p24,],1,3094.68,31,31
p32,[p49,p4,p6,p24,],0,3094.78,,p32,[p49,p4,p6,p24,],0,3094.78,32,32
p33,[p22,p12,p30,p16,],2,3095.3,,p33,[p22,p12,p30,p16,],2,3095.3,33,33
p34,[p22,p4,p30,p16,],2,3095.12,,p34,[p22,p4,p30,p16,],2,3095.12,34,34
p35,[p19,p61,p16,p11,],0,3095.54,,p35,[p19,p61,p16,p11,],0,3095.54,35,35
p36,[p22,p37,p30,p50,],0,3095.84,,p36,[p22,p37,p30,p50,],0,3095.84,36,36
p37,[p12,p22,p4,p16,],4,3095.12,,p37,[p12,p22,p4,p16,],4,3095.12,37,37
p38,[p12,p24,p28,p30,],0,3094.83,,p38,[p12,p24,p28,p30,],0,3094.83,38,38
p39,[p30,p16,p12,p22,],0,3094.4,,p39,[p30,p16,p12,p22,],0,3094.4,39,39
p40,[p19,p61,p22,p27,],0,3094.5,,p40,[p19,p61,p22,p27,],0,3094.5,40,40
p41,[p12,p16,p22,p4,],0,3095.86,,p41,[p12,p16,p22,p4,],0,3095.86,41,41
p42,[p24,p12,p30,p29,],0,3094.89,,p42,[p24,p12,p30,p29,],0,3094.89,42,42
p43,[p19,p30,p22,p4,],0,3095.36,,p43,[p19,p30,p22,p4,],0,3095.36,43,43
p44,[p0,p19,p27,p54,],0,3096.6,,p44,[p0,p19,p27,p54,],0,3096.6,44,44
p45,[p24,p6,p31,p19,],0,3094.82,,p45,[p24,p6,p31,p19,],0,3094.82,45,45
p46,[p12,p4,p22,p27,],0,3095.38,,p46,[p12,p4,p22,p27,],0,3095.38,46,46
p47,[p12,p4,p30,p22,],0,3095.1,,p47,[p12,p4,p30,p22,],0,3095.1,47,47
p48,[p22,p19,p4,p27,],0,3095.84,,p48,[p22,p19,p4,p27,],0,3095.84,48,48
p49,[p22,p4,p12,p30,],4,3095.19,,p49,[p22,p4,p12,p30,],4,3095.19,49,49
p50,[p22,p16,p4,p30,],1,3094.95,,p50,[p22,p16,p4,p30,],1,3094.95,50,50
p51,[p49,p27,p4,p34,],0,3095.39,,p51,[p49,p27,p4,p34,],0,3095.39,51,51
p52,[p22,p12,p4,p30,],0,3094.89,,p52,[p22,p12,p4,p30,],0,3094.89,52,52
p53,[p24,p27,p4,p29,],0,3094.73,,p53,[p24,p27,p4,p29,],0,3094.73,53,53
p54,[p19,p22,p16,p24,],1,3095.01,,p54,[p19,p22,p16,p24,],1,3095.01,54,54
p55,[p30,p19,p16,p12,],0,3095.79,,p55,[p30,p19,p16,p12,],0,3095.79,55,55
p56,[p30,p29,p12,p19,],0,3094.9,,p56,[p30,p29,p12,p19,],0,3094.9,56,56
p57,[p29,p4,p27,p30,],0,3096.17,,p57,[p29,p4,p27,p30,],0,3096.17,57,57
p58,[p29,p22,p49,p12,],0,3094.86,,p58,[p29,p22,p49,p12,],0,3094.86,58,58
p59,[p27,p30,p4,p22,],1,3095.45,,p59,[p27,p30,p4,p22,],1,3095.45,59,59
p60,[p12,p24,p37,p4,],0,3095.69,,p60,[p12,p24,p37,p4,],0,3095.69,60,60
p61,[p22,p19,p4,p30,],4,3095.16,,p61,[p22,p19,p4,p30,],4,3095.16,61,61
p62,[p4,p19,p30,p16,],0,3095.2,,p62,[p4,p19,p30,p16,],0,3095.2,62,62
p63,[p19,p33,p22,p61,],0,3093.9,,p63,[p19,p33,p22,p61,],0,3093.9,63,63
p64,[p92,p84,p74,p121,],0,3060.95,,p64,[p92,p84,p74,p121,],0,3060.95,64,64
p65,[p84,p121,p117,p74,],31,3061.12,,p65,[p84,p121,p117,p74,],31,3061.12,65,65
p66,[p123,p65,p79,p121,],0,3065.88,,p66,[p123,p65,p79,p121,],0,3065.88,66,66
p67,[p91,p74,p117,p84,],0,3060.62,,p67,[p91,p74,p117,p84,],0,3060.62,67,67
p68,[p65,p122,p76,p117,],0,3060.35,,p68,[p65,p122,p76,p117,],0,3060.35,68,68
p69,[p84,p65,p121,p117,],3,3061.37,,p69,[p84,p65,p121,p117,],3,3061.37,69,69
p70,[p94,p65,p124,p81,],0,3061.77,,p70,[p94,p65,p124,p81,],0,3061.77,70,70
p71,[p121,p76,p86,p117,],0,3060.61,,p71,[p121,p76,p86,p117,],0,3060.61,71,71
p72,[p121,p123,p69,p122,],0,3062.01,,p72,[p121,p123,p69,p122,],0,3062.01,72,72
p73,[p84,p127,p99,p77,],0,3062.58,,p73,[p84,p127,p99,p77,],0,3062.58,73,73
p74,[p117,p84,p121,p65,],31,3060.86,,p74,[p117,p84,p121,p65,],31,3060.86,74,74
p75,[p84,p123,p91,p65,],0,3061.6,,p75,[p84,p123,p91,p65,],0,3061.6,75,75
p76,[p121,p117,p84,p65,],9,3060.68,,p76,[p121,p117,p84,p65,],9,3060.68,76,76
p77,[p121,p84,p117,p94,],2,3060.89,,p77,[p121,p84,p117,p94,],2,3060.89,77,77
p78,[p123,p84,p65,p121,],1,3060.93,,p78,[p123,p84,p65,p121,],1,3060.93,78,78
p79,[p121,p117,p74,p84,],3,3060.03,,p79,[p121,p117,p74,p84,],3,3060.03,79,79
p80,[p94,p65,p121,p117,],0,3060.73,,p80,[p94,p65,p121,p117,],0,3060.73,80,80
p81,[p84,p74,p121,p65,],5,3060.52,,p81,[p84,p74,p121,p65,],5,3060.52,81,81
p82,[p91,p123,p65,p94,],0,3060.91,,p82,[p91,p123,p65,p94,],0,3060.91,82,82
p83,[p84,p65,p74,p117,],0,3061.23,,p83,[p84,p65,p74,p117,],0,3061.23,83,83
p84,[p121,p117,p65,p74,],36,3060.85,,p84,[p121,p117,p65,p74,],36,3060.85,84,84
p85,[p123,p91,p86,p76,],0,3060.32,,p85,[p123,p91,p86,p76,],0,3060.32,85,85
p86,[p121,p74,p84,p65,],7,3061.14,,p86,[p121,p74,p84,p65,],7,3061.14,86,86
p87,[p99,p74,p79,p86,],0,3061.39,,p87,[p99,p74,p79,p86,],0,3061.39,87,87
p88,[p74,p84,p65,p107,],0,3063.14,,p88,[p74,p84,p65,p107,],0,3063.14,88,88
p89,[p121,p74,p117,p127,],0,3061.05,,p89,[p121,p74,p117,p127,],0,3061.05,89,89
p90,[p65,p117,p122,p91,],0,3061.16,,p90,[p65,p117,p122,p91,],0,3061.16,90,90
p91,[p84,p121,p74,p117,],8,3061.37,,p91,[p84,p121,p74,p117,],8,3061.37,91,91
p92,[p121,p84,p117,p74,],2,3060.85,,p92,[p121,p84,p117,p74,],2,3060.85,92,92
p93,[p76,p124,p107,p121,],0,3059.41,,p93,[p76,p124,p107,p121,],0,3059.41,93,93
p94,[p121,p84,p65,p74,],10,3060.61,,p94,[p121,p84,p65,p74,],10,3060.61,94,94
p95,[p122,p79,p74,p117,],0,3059.8,,p95,[p122,p79,p74,p117,],0,3059.8,95,95
p96,[p91,p76,p122,p74,],0,3060.86,,p96,[p91,p76,p122,p74,],0,3060.86,96,96
p97,[p92,p117,p94,p107,],0,3060.27,,p97,[p92,p117,p94,p107,],0,3060.27,97,97
p98,[p117,p84,p65,p76,],1,3060.98,,p98,[p117,p84,p65,p76,],1,3060.98,98,98
p99,[p84,p121,p74,p117,],4,3060.93,,p99,[p84,p121,p74,p117,],4,3060.93,99,99
p100,[p74,p117,p84,p76,],0,3060.83,,p100,[p74,p117,p84,p76,],0,3060.83,100,100
p101,[p74,p121,p84,p81,],0,3062.11,,p101,[p74,p121,p84,p81,],0,3062.11,101,101
p102,[p65,p123,p74,p84,],0,3061.7,,p102,[p65,p123,p74,p84,],0,3061.7,102,102
p103,[p107,p122,p69,p76,],0,3061.85,,p103,[p107,p122,p69,p76,],0,3061.85,103,103
p104,[p86,p65,p123,p74,],0,3060.61,,p104,[p86,p65,p123,p74,],0,3060.61,104,104
p105,[p76,p81,p91,p121,],0,3060.9,,p105,[p76,p81,p91,p121,],0,3060.9,105,105
p106,[p107,p94,p121,p117,],0,3060.28,,p106,[p107,p94,p121,p117,],0,3060.28,106,106
p107,[p84,p121,p117,p65,],9,3061.04,,p107,[p84,p121,p117,p65,],9,3061.04,107,107
p108,[p84,p121,p127,p74,],0,3062.76,,p108,[p84,p121,p127,p74,],0,3062.76,108,108
p109,[p74,p91,p121,p117,],0,3060.94,,p109,[p74,p91,p121,p117,],0,3060.94,109,109
p110,[p123,p86,p98,p78,],0,3058.28,,p110,[p123,p86,p98,p78,],0,3058.28,110,110
p111,[p65,p74,p84,p107,],0,3060,,p111,[p65,p74,p84,p107,],0,3060,111,111
p112,[p121,p81,p117,p84,],0,3061.06,,p112,[p121,p81,p117,p84,],0,3061.06,112,112
p113,[p84,p77,p117,p122,],0,3060.51,,p113,[p84,p77,p117,p122,],0,3060.51,113,113
p114,[p122,p121,p84,p94,],0,3060.96,,p114,[p122,p121,p84,p94,],0,3060.96,114,114
p115,[p81,p99,p65,p74,],0,3061.65,,p115,[p81,p99,p65,p74,],0,3061.65,115,115
p116,[p107,p86,p99,p121,],0,3060.56,,p116,[p107,p86,p99,p121,],0,3060.56,116,116
p117,[p84,p74,p65,p121,],31,3060.6,,p117,[p84,p74,p65,p121,],31,3060.6,117,117
p118,[p107,p123,p121,p65,],0,3059.72,,p118,[p107,p123,p121,p65,],0,3059.72,118,118
p119,[p84,p65,p94,p121,],0,3061.22,,p119,[p84,p65,p94,p121,],0,3061.22,119,119
p120,[p86,p121,p123,p69,],0,3060.19,,p120,[p86,p121,p123,p69,],0,3060.19,120,120
p121,[p84,p65,p74,p117,],37,3060.74,,p121,[p84,p65,p74,p117,],37,3060.74,121,121
p122,[p117,p74,p65,p121,],9,3060.97,,p122,[p117,p74,p65,p121,],9,3060.97,122,122
p123,[p65,p117,p84,p74,],11,3060.96,,p123,[p65,p117,p84,p74,],11,3060.96,123,123
p124,[p117,p65,p84,p74,],2,3060.13,,p124,[p117,p65,p84,p74,],2,3060.13,124,124
p125,[p121,p84,p65,p74,],0,3060.56,,p125,[p121,p84,p65,p74,],0,3060.56,125,125
p126,[p107,p122,p127,p94,],0,3062.05,,p126,[p107,p122,p127,p94,],0,3062.05,126,126
p127,[p84,p117,p121,p94,],4,3060.83,,p127,[p84,p117,p121,p94,],4,3060.83,127,127
p128,[p190,p132,p177,p173,],0,3095.28,,p128,[p190,p132,p177,p173,],0,3095.28,128,128
p129,[p190,p135,p173,p132,],1,3095.51,,p129,[p190,p135,p173,p132,],1,3095.51,129,129
p130,[p165,p190,p132,p173,],0,3094.77,,p130,[p165,p190,p132,p173,],0,3094.77,130,130
p131,[p181,p135,p177,p190,],0,3095.4,,p131,[p181,p135,p177,p190,],0,3095.4,131,131
p132,[p135,p190,p173,p165,],29,3094.96,,p132,[p135,p190,p173,p165,],29,3094.96,132,132
p133,[p165,p141,p173,p177,],0,3095.05,,p133,[p165,p141,p173,p177,],0,3095.05,133,133
p134,[p132,p173,p147,p165,],0,3094.99,,p134,[p132,p173,p147,p165,],0,3094.99,134,134
p135,[p173,p190,p132,p177,],39,3095.5,,p135,[p173,p190,p132,p177,],39,3095.5,135,135
p136,[p135,p173,p177,p190,],0,3095.22,,p136,[p135,p173,p177,p190,],0,3095.22,136,136
p137,[p190,p173,p135,p177,],0,3094.8,,p137,[p190,p173,p135,p177,],0,3094.8,137,137
p138,[p159,p173,p132,p190,],0,3094.04,,p138,[p159,p173,p132,p190,],0,3094.04,138,138
p139,[p141,p189,p132,p159,],0,3096.95,,p139,[p141,p189,p132,p159,],0,3096.95,139,139
p140,[p173,p135,p190,p189,],0,3094.72,,p140,[p173,p135,p190,p189,],0,3094.72,140,140
p141,[p190,p173,p135,p177,],2,3094.93,,p141,[p190,p173,p135,p177,],2,3094.93,141,141
p142,[p135,p179,p173,p190,],0,3095.06,,p142,[p135,p179,p173,p190,],0,3095.06,142,142
p143,[p135,p177,p190,p173,],0,3094.73,,p143,[p135,p177,p190,p173,],0,3094.73,143,143
p144,[p135,p177,p165,p132,],0,3094.35,,p144,[p135,p177,p165,p132,],0,3094.35,144,144
p145,[p177,p189,p165,p132,],0,3094.77,,p145,[p177,p189,p165,p132,],0,3094.77,145,145
p146,[p164,p165,p177,p132,],0,3093.57,,p146,[p164,p165,p177,p132,],0,3093.57,146,146
p147,[p190,p135,p173,p165,],14,3095.14,,p147,[p190,p135,p173,p165,],14,3095.14,147,147
p148,[p129,p135,p173,p177,],0,3096.38,,p148,[p129,p135,p173,p177,],0,3096.38,148,148
p149,[p177,p173,p135,p190,],0,3095.51,,p149,[p177,p173,p135,p190,],0,3095.51,149,149
p150,[p173,p190,p177,p165,],1,3095.37,,p150,[p173,p190,p177,p165,],1,3095.37,150,150
p151,[p132,p173,p177,p165,],0,3094.82,,p151,[p132,p173,p177,p165,],0,3094.82,151,151
p152,[p135,p190,p173,p132,],1,3095.04,,p152,[p135,p190,p173,p132,],1,3095.04,152,152
p153,[p190,p165,p132,p173,],0,3096.74,,p153,[p190,p165,p132,p173,],0,3096.74,153,153
p154,[p189,p173,p152,p156,],0,3097.31,,p154,[p189,p173,p152,p156,],0,3097.31,154,154
p155,[p147,p190,p135,p173,],0,3096.23,,p155,[p147,p190,p135,p173,],0,3096.23,155,155
p156,[p190,p135,p173,p165,],2,3095.44,,p156,[p190,p135,p173,p165,],2,3095.44,156,156
p157,[p135,p147,p177,p190,],0,3097.03,,p157,[p135,p147,p177,p190,],0,3097.03,157,157
p158,[p178,p135,p132,p177,],0,3093.11,,p158,[p178,p135,p132,p177,],0,3093.11,158,158
p159,[p173,p190,p135,p177,],5,3095.71,,p159,[p173,p190,p135,p177,],5,3095.71,159,159
p160,[p190,p147,p173,p165,],0,3095.08,,p160,[p190,p147,p173,p165,],0,3095.08,160,160
p161,[p147,p173,p177,p190,],0,3094.58,,p161,[p147,p173,p177,p190,],0,3094.58,161,161
p162,[p150,p183,p132,p173,],0,3095.54,,p162,[p150,p183,p132,p173,],0,3095.54,162,162
p163,[p190,p173,p135,p189,],0,3094.79,,p163,[p190,p173,p135,p189,],0,3094.79,163,163
p164,[p190,p173,p135,p132,],1,3096,,p164,[p190,p173,p135,p132,],1,3096,164,164
p165,[p190,p135,p173,p132,],25,3095.11,,p165,[p190,p135,p173,p132,],25,3095.11,165,165
p166,[p135,p190,p173,p165,],0,3095.2,,p166,[p135,p190,p173,p165,],0,3095.2,166,166
p167,[p173,p135,p132,p165,],0,3095.6,,p167,[p173,p135,p132,p165,],0,3095.6,167,167
p168,[p190,p132,p173,p147,],0,3096.04,,p168,[p190,p132,p173,p147,],0,3096.04,168,168
p169,[p132,p135,p190,p147,],0,3095.71,,p169,[p132,p135,p190,p147,],0,3095.71,169,169
p170,[p147,p181,p132,p173,],0,3094.63,,p170,[p147,p181,p132,p173,],0,3094.63,170,170
p171,[p181,p132,p179,p177,],0,3095.04,,p171,[p181,p132,p179,p177,],0,3095.04,171,171
p172,[p177,p159,p190,p173,],0,3095.32,,p172,[p177,p159,p190,p173,],0,3095.32,172,172
p173,[p190,p135,p132,p177,],49,3095.45,,p173,[p190,p135,p132,p177,],49,3095.45,173,173
p174,[p173,p190,p135,p165,],0,3094.9,,p174,[p173,p190,p135,p165,],0,3094.9,174,174
p175,[p132,p135,p190,p173,],0,3094.99,,p175,[p132,p135,p190,p173,],0,3094.99,175,175
p176,[p135,p147,p165,p190,],0,3095.75,,p176,[p135,p147,p165,p190,],0,3095.75,176,176
p177,[p190,p173,p135,p132,],26,3095.36,,p177,[p190,p173,p135,p132,],26,3095.36,177,177
p178,[p173,p135,p190,p132,],1,3095.13,,p178,[p173,p135,p190,p132,],1,3095.13,178,178
p179,[p190,p173,p165,p135,],2,3095.24,,p179,[p190,p173,p165,p135,],2,3095.24,179,179
p180,[p147,p177,p165,p190,],0,3094.94,,p180,[p147,p177,p165,p190,],0,3094.94,180,180
p181,[p190,p173,p135,p165,],4,3094.99,,p181,[p190,p173,p135,p165,],4,3094.99,181,181
p182,[p165,p190,p147,p181,],0,3095.09,,p182,[p165,p190,p147,p181,],0,3095.09,182,182
p183,[p173,p190,p135,p147,],1,3094.95,,p183,[p173,p190,p135,p147,],1,3094.95,183,183
p184,[p156,p147,p190,p159,],0,3093.67,,p184,[p156,p147,p190,p159,],0,3093.67,184,184
p185,[p173,p190,p177,p132,],0,3095.55,,p185,[p173,p190,p177,p132,],0,3095.55,185,185
p186,[p165,p147,p190,p173,],0,3095.54,,p186,[p165,p147,p190,p173,],0,3095.54,186,186
p187,[p132,p159,p177,p135,],0,3094.95,,p187,[p132,p159,p177,p135,],0,3094.95,187,187
p188,[p173,p190,p135,p177,],0,3095.63,,p188,[p173,p190,p135,p177,],0,3095.63,188,188
p189,[p135,p173,p190,p165,],5,3094.92,,p189,[p135,p173,p190,p165,],5,3094.92,189,189
p190,[p173,p135,p132,p165,],48,3095.41,,p190,[p173,p135,p132,p165,],48,3095.41,190,190
p191,[p135,p190,p173,p165,],0,3094.65,,p191,[p135,p190,p173,p165,],0,3094.65,191,191
p192,[p210,p242,p243,p202,],0,3126.26,,p192,[p210,p242,p243,p202,],0,3126.26,192,192
p193,[p248,p210,p211,p202,],6,3125.4,,p193,[p248,p210,p211,p202,],6,3125.4,193,193
p194,[p193,p214,p251,p197,],0,3125.04,,p194,[p193,p214,p251,p197,],0,3125.04,194,194
p195,[p222,p248,p246,p214,],0,3125.3,,p195,[p222,p248,p246,p214,],0,3125.3,195,195
p196,[p248,p202,p251,p214,],15,3125.89,,p196,[p248,p202,p251,p214,],15,3125.89,196,196
p197,[p248,p196,p202,p210,],9,3125.77,,p197,[p248,p196,p202,p210,],9,3125.77,197,197
p198,[p242,p222,p246,p220,],0,3127.98,,p198,[p242,p222,p246,p220,],0,3127.98,198,198
p199,[p193,p210,p206,p196,],0,3125.28,,p199,[p193,p210,p206,p196,],0,3125.28,199,199
p200,[p196,p214,p206,p207,],0,3124.01,,p200,[p196,p214,p206,p207,],0,3124.01,200,200
p201,[p202,p196,p243,p248,],0,3125.74,,p201,[p202,p196,p243,p248,],0,3125.74,201,201
p202,[p248,p210,p214,p243,],34,3125.77,,p202,[p248,p210,p214,p243,],34,3125.77,202,202
p203,[p211,p248,p210,p214,],5,3125.67,,p203,[p211,p248,p210,p214,],5,3125.67,203,203
p204,[p236,p222,p196,p206,],0,3124.98,,p204,[p236,p222,p196,p206,],0,3124.98,204,204
p205,[p213,p246,p253,p211,],0,3126.19,,p205,[p213,p246,p253,p211,],0,3126.19,205,205
p206,[p214,p248,p210,p202,],14,3125.64,,p206,[p214,p248,p210,p202,],14,3125.64,206,206
p207,[p248,p206,p210,p243,],8,3125.64,,p207,[p248,p206,p210,p243,],8,3125.64,207,207
p208,[p196,p222,p197,p206,],0,3126.38,,p208,[p196,p222,p197,p206,],0,3126.38,208,208
p209,[p197,p202,p222,p206,],0,3124.99,,p209,[p197,p202,p222,p206,],0,3124.99,209,209
p210,[p202,p248,p214,p243,],24,3125.49,,p210,[p202,p248,p214,p243,],24,3125.49,210,210
p211,[p248,p214,p210,p202,],12,3125.39,,p211,[p248,p214,p210,p202,],12,3125.39,211,211
p212,[p246,p213,p196,p243,],0,3125.5,,p212,[p246,p213,p196,p243,],0,3125.5,212,212
p213,[p243,p202,p210,p248,],3,3125.5,,p213,[p243,p202,p210,p248,],3,3125.5,213,213
p214,[p202,p248,p210,p211,],26,3125.79,,p214,[p202,p248,p210,p211,],26,3125.79,214,214
p215,[p243,p206,p197,p222,],0,3123.26,,p215,[p243,p206,p197,p222,],0,3123.26,215,215
p216,[p193,p207,p206,p196,],0,3126.12,,p216,[p193,p207,p206,p196,],0,3126.12,216,216
p217,[p248,p202,p210,p211,],0,3125.6,,p217,[p248,p202,p210,p211,],0,3125.6,217,217
p218,[p197,p202,p251,p243,],1,3126.01,,p218,[p197,p202,p251,p243,],1,3126.01,218,218
p219,[p248,p211,p222,p243,],0,3125.56,,p219,[p248,p211,p222,p243,],0,3125.56,219,219
p220,[p211,p222,p202,p248,],2,3125.47,,p220,[p211,p222,p202,p248,],2,3125.47,220,220
p221,[p253,p248,p202,p196,],0,3125.66,,p221,[p253,p248,p202,p196,],0,3125.66,221,221
p222,[p248,p210,p202,p214,],19,3125.38,,p222,[p248,p210,p202,p214,],19,3125.38,222,222
p223,[p193,p233,p243,p207,],0,3126.86,,p223,[p193,p233,p243,p207,],0,3126.86,223,223
p224,[p207,p203,p222,p214,],0,3124.53,,p224,[p207,p203,p222,p214,],0,3124.53,224,224
p225,[p251,p214,p222,p206,],0,3124.98,,p225,[p251,p214,p222,p206,],0,3124.98,225,225
p226,[p218,p196,p222,p251,],0,3127.88,,p226,[p218,p196,p222,p251,],0,3127.88,226,226
p227,[p243,p197,p248,p246,],0,3126.73,,p227,[p243,p197,p248,p246,],0,3126.73,227,227
p228,[p242,p233,p193,p243,],0,3126.96,,p228,[p242,p233,p193,p243,],0,3126.96,228,228
p229,[p214,p197,p206,p202,],0,3125.97,,p229,[p214,p197,p206,p202,],0,3125.97,229,229
p230,[p233,p214,p251,p196,],0,3126.51,,p230,[p233,p214,p251,p196,],0,3126.51,230,230
p231,[p213,p196,p243,p202,],0,3125.44,,p231,[p213,p196,p243,p202,],0,3125.44,231,231
p232,[p222,p202,p207,p196,],0,3125.86,,p232,[p222,p202,p207,p196,],0,3125.86,232,232
p233,[p202,p248,p222,p214,],4,3125.55,,p233,[p202,p248,p222,p214,],4,3125.55,233,233
p234,[p214,p202,p248,p210,],0,3125.36,,p234,[p214,p202,p248,p210,],0,3125.36,234,234
p235,[p210,p248,p243,p202,],0,3125.28,,p235,[p210,p248,p243,p202,],0,3125.28,235,235
p236,[p251,p202,p211,p210,],1,3126.71,,p236,[p251,p202,p211,p210,],1,3126.71,236,236
p237,[p203,p202,p248,p197,],0,3125.87,,p237,[p203,p202,p248,p197,],0,3125.87,237,237
p238,[p206,p196,p222,p214,],0,3125.94,,p238,[p206,p196,p222,p214,],0,3125.94,238,238
p239,[p206,p222,p214,p210,],0,3124.82,,p239,[p206,p222,p214,p210,],0,3124.82,239,239
p240,[p243,p202,p211,p222,],0,3124.93,,p240,[p243,p202,p211,p222,],0,3124.93,240,240
p241,[p248,p202,p233,p210,],0,3125.66,,p241,[p248,p202,p233,p210,],0,3125.66,241,241
p242,[p202,p248,p214,p210,],5,3125.82,,p242,[p202,p248,p214,p210,],5,3125.82,242,242
p243,[p248,p202,p210,p214,],20,3125.76,,p243,[p248,p202,p210,p214,],20,3125.76,243,243
p244,[p248,p197,p202,p193,],0,3126.52,,p244,[p248,p197,p202,p193,],0,3126.52,244,244
p245,[p242,p203,p214,p211,],0,3125.55,,p245,[p242,p203,p214,p211,],0,3125.55,245,245
p246,[p206,p248,p211,p214,],5,3125.73,,p246,[p206,p248,p211,p214,],5,3125.73,246,246
p247,[p207,p206,p196,p222,],0,3126.04,,p247,[p207,p206,p196,p222,],0,3126.04,247,247
p248,[p202,p210,p214,p243,],33,3125.58,,p248,[p202,p210,p214,p243,],33,3125.58,248,248
p249,[p211,p210,p220,p203,],0,3126.1,,p249,[p211,p210,p220,p203,],0,3126.1,249,249
p250,[p203,p207,p248,p202,],0,3125.04,,p250,[p203,p207,p248,p202,],0,3125.04,250,250
p251,[p202,p248,p214,p243,],8,3125.9,,p251,[p202,p248,p214,p243,],8,3125.9,251,251
p252,[p242,p222,p207,p214,],0,3127.27,,p252,[p242,p222,p207,p214,],0,3127.27,252,252
p253,[p243,p248,p210,p214,],2,3125.88,,p253,[p243,p248,p210,p214,],2,3125.88,253,253
p254,[p243,p202,p248,p251,],0,3125.62,,p254,[p243,p202,p248,p251,],0,3125.62,254,254
p255,[p222,p202,p248,p210,],0,3124.92,,p255,[p222,p202,p248,p210,],0,3124.92,255,255
p256,[p292,p290,p313,p319,],0,3190.78,,p256,[p292,p290,p313,p319,],0,3190.78,256,256
p257,[p292,p269,p319,p316,],0,3190.83,,p257,[p292,p269,p319,p316,],0,3190.83,257,257
p258,[p319,p316,p293,p269,],6,3190.07,,p258,[p319,p316,p293,p269,],6,3190.07,258,258
p259,[p261,p262,p267,p258,],0,3191.11,,p259,[p261,p262,p267,p258,],0,3191.11,259,259
p260,[p293,p313,p319,p316,],0,3190.24,,p260,[p293,p313,p319,p316,],0,3190.24,260,260
p261,[p316,p293,p319,p269,],13,3189.96,,p261,[p316,p293,p319,p269,],13,3189.96,261,261
p262,[p293,p286,p316,p269,],8,3190.2,,p262,[p293,p286,p316,p269,],8,3190.2,262,262
p263,[p290,p316,p292,p269,],1,3190.62,,p263,[p290,p316,p292,p269,],1,3190.62,263,263
p264,[p292,p269,p319,p267,],0,3191.12,,p264,[p292,p269,p319,p267,],0,3191.12,264,264
p265,[p313,p261,p273,p292,],0,3191.1,,p265,[p313,p261,p273,p292,],0,3191.1,265,265
p266,[p268,p292,p299,p290,],0,3191.77,,p266,[p268,p292,p299,p290,],0,3191.77,266,266
p267,[p316,p319,p269,p293,],17,3190.32,,p267,[p316,p319,p269,p293,],17,3190.32,267,267
p268,[p292,p313,p319,p267,],4,3190.33,,p268,[p292,p313,p319,p267,],4,3190.33,268,268
p269,[p316,p319,p293,p290,],33,3190.04,,p269,[p316,p319,p293,p290,],33,3190.04,269,269
p270,[p269,p290,p319,p286,],0,3190.26,,p270,[p269,p290,p319,p286,],0,3190.26,270,270
p271,[p313,p290,p273,p292,],0,3190.6,,p271,[p313,p290,p273,p292,],0,3190.6,271,271
p272,[p290,p269,p316,p262,],0,3190.14,,p272,[p290,p269,p316,p262,],0,3190.14,272,272
p273,[p269,p316,p293,p261,],5,3190.01,,p273,[p269,p316,p293,p261,],5,3190.01,273,273
p274,[p313,p261,p269,p316,],0,3190.57,,p274,[p313,p261,p269,p316,],0,3190.57,274,274
p275,[p290,p299,p292,p314,],0,3190.54,,p275,[p290,p299,p292,p314,],0,3190.54,275,275
p276,[p286,p293,p290,p269,],0,3190.44,,p276,[p286,p293,p290,p269,],0,3190.44,276,276
p277,[p299,p262,p319,p292,],0,3190.4,,p277,[p299,p262,p319,p292,],0,3190.4,277,277
p278,[p262,p292,p316,p269,],0,3189.38,,p278,[p262,p292,p316,p269,],0,3189.38,278,278
p279,[p290,p293,p267,p319,],0,3189.37,,p279,[p290,p293,p267,p319,],0,3189.37,279,279
p280,[p293,p269,p319,p316,],0,3190.55,,p280,[p293,p269,p319,p316,],0,3190.55,280,280
p281,[p286,p268,p258,p313,],0,3189.97,,p281,[p286,p268,p258,p313,],0,3189.97,281,281
p282,[p299,p261,p273,p293,],0,3190.01,,p282,[p299,p261,p273,p293,],0,3190.01,282,282
p283,[p286,p319,p267,p269,],0,3190.8,,p283,[p286,p319,p267,p269,],0,3190.8,283,283
p284,[p319,p316,p269,p267,],0,3190.39,,p284,[p319,p316,p269,p267,],0,3190.39,284,284
p285,[p290,p286,p316,p267,],0,3189.08,,p285,[p290,p286,p316,p267,],0,3189.08,285,285
p286,[p316,p293,p269,p319,],14,3190.15,,p286,[p316,p293,p269,p319,],14,3190.15,286,286
p287,[p313,p286,p292,p293,],0,3189.84,,p287,[p313,p286,p292,p293,],0,3189.84,287,287
p288,[p319,p293,p290,p316,],0,3190.8,,p288,[p319,p293,p290,p316,],0,3190.8,288,288
p289,[p314,p299,p258,p261,],0,3191.11,,p289,[p314,p299,p258,p261,],0,3191.11,289,289
p290,[p316,p269,p319,p293,],24,3190.31,,p290,[p316,p269,p319,p293,],24,3190.31,290,290
p291,[p262,p267,p293,p286,],0,3190.56,,p291,[p262,p267,p293,p286,],0,3190.56,291,291
p292,[p269,p267,p319,p316,],16,3190.44,,p292,[p269,p267,p319,p316,],16,3190.44,292,292
p293,[p319,p316,p269,p290,],27,3190.17,,p293,[p319,p316,p269,p290,],27,3190.17,293,293
p294,[p292,p267,p269,p290,],0,3189.85,,p294,[p292,p267,p269,p290,],0,3189.85,294,294
p295,[p261,p258,p290,p293,],0,3189.69,,p295,[p261,p258,p290,p293,],0,3189.69,295,295
p296,[p267,p313,p292,p258,],0,3190.46,,p296,[p267,p313,p292,p258,],0,3190.46,296,296
p297,[p261,p319,p286,p316,],0,3190.47,,p297,[p261,p319,p286,p316,],0,3190.47,297,297
p298,[p269,p316,p293,p290,],0,3189.76,,p298,[p269,p316,p293,p290,],0,3189.76,298,298
p299,[p269,p319,p290,p316,],7,3190.42,,p299,[p269,p319,p290,p316,],7,3190.42,299,299
p300,[p290,p316,p267,p261,],1,3189.75,,p300,[p290,p316,p267,p261,],1,3189.75,300,300
p301,[p313,p273,p268,p262,],0,3190.43,,p301,[p313,p273,p268,p262,],0,3190.43,301,301
p302,[p268,p263,p314,p290,],0,3190.35,,p302,[p268,p263,p314,p290,],0,3190.35,302,302
p303,[p319,p267,p293,p269,],0,3190.21,,p303,[p319,p267,p293,p269,],0,3190.21,303,303
p304,[p258,p269,p319,p316,],0,3190.06,,p304,[p258,p269,p319,p316,],0,3190.06,304,304
p305,[p315,p300,p314,p299,],0,3189.86,,p305,[p315,p300,p314,p299,],0,3189.86,305,305
p306,[p299,p290,p286,p261,],0,3189.5,,p306,[p299,p290,p286,p261,],0,3189.5,306,306
p307,[p293,p286,p273,p262,],0,3193.39,,p307,[p293,p286,p273,p262,],0,3193.39,307,307
p308,[p261,p290,p319,p269,],0,3190.66,,p308,[p261,p290,p319,p269,],0,3190.66,308,308
p309,[p261,p262,p293,p269,],0,3188.66,,p309,[p261,p262,p293,p269,],0,3188.66,309,309
p310,[p313,p319,p286,p316,],0,3190.38,,p310,[p313,p319,p286,p316,],0,3190.38,310,310
p311,[p290,p319,p293,p269,],0,3189.53,,p311,[p290,p319,p293,p269,],0,3189.53,311,311
p312,[p319,p290,p269,p316,],0,3191.08,,p312,[p319,p290,p269,p316,],0,3191.08,312,312
p313,[p293,p319,p286,p316,],11,3190.71,,p313,[p293,p319,p286,p316,],11,3190.71,313,313
p314,[p267,p261,p290,p316,],4,3190.2,,p314,[p267,p261,p290,p316,],4,3190.2,314,314
p315,[p316,p269,p319,p286,],1,3189.94,,p315,[p316,p269,p319,p286,],1,3189.94,315,315
p316,[p269,p319,p293,p267,],32,3190.05,,p316,[p269,p319,p293,p267,],32,3190.05,316,316
p317,[p319,p267,p293,p292,],0,3189.99,,p317,[p319,p267,p293,p292,],0,3189.99,317,317
p318,[p316,p292,p293,p269,],0,3190.71,,p318,[p316,p292,p293,p269,],0,3190.71,318,318
p319,[p316,p293,p269,p267,],32,3190.18,,p319,[p316,p293,p269,p267,],32,3190.18,319,319
p320,[p360,p359,p376,p381,],0,3182.01,,p320,[p360,p359,p376,p381,],0,3182.01,320,320
p321,[p327,p373,p381,p360,],0,3183.34,,p321,[p327,p373,p381,p360,],0,3183.34,321,321
p322,[p381,p373,p360,p366,],0,3182.84,,p322,[p381,p373,p360,p366,],0,3182.84,322,322
p323,[p348,p366,p375,p360,],0,3183.83,,p323,[p348,p366,p375,p360,],0,3183.83,323,323
p324,[p348,p356,p366,p373,],0,3184.49,,p324,[p348,p356,p366,p373,],0,3184.49,324,324
p325,[p331,p367,p366,p328,],0,3181.65,,p325,[p331,p367,p366,p328,],0,3181.65,325,325
p326,[p346,p328,p367,p359,],0,3183.91,,p326,[p346,p328,p367,p359,],0,3183.91,326,326
p327,[p360,p328,p346,p373,],2,3182.4,,p327,[p360,p328,p346,p373,],2,3182.4,327,327
p328,[p346,p348,p367,p373,],39,3182.83,,p328,[p346,p348,p367,p373,],39,3182.83,328,328
p329,[p352,p346,p367,p331,],0,3182.2,,p329,[p352,p346,p367,p331,],0,3182.2,329,329
p330,[p356,p346,p328,p333,],0,3181.98,,p330,[p356,p346,p328,p333,],0,3181.98,330,330
p331,[p328,p346,p367,p373,],12,3182.83,,p331,[p328,p346,p367,p373,],12,3182.83,331,331
p332,[p375,p333,p331,p351,],0,3185.2,,p332,[p375,p333,p331,p351,],0,3185.2,332,332
p333,[p348,p328,p331,p346,],6,3183.03,,p333,[p348,p328,p331,p346,],6,3183.03,333,333
p334,[p360,p348,p373,p381,],0,3185.75,,p334,[p360,p348,p373,p381,],0,3185.75,334,334
p335,[p346,p328,p348,p373,],0,3182.55,,p335,[p346,p328,p348,p373,],0,3182.55,335,335
p336,[p348,p328,p381,p346,],0,3182.19,,p336,[p348,p328,p381,p346,],0,3182.19,336,336
p337,[p367,p366,p359,p348,],0,3182.04,,p337,[p367,p366,p359,p348,],0,3182.04,337,337
p338,[p366,p348,p367,p331,],0,3182.91,,p338,[p366,p348,p367,p331,],0,3182.91,338,338
p339,[p333,p348,p328,p346,],0,3182.04,,p339,[p333,p348,p328,p346,],0,3182.04,339,339
p340,[p381,p328,p346,p373,],0,3181.56,,p340,[p381,p328,p346,p373,],0,3181.56,340,340
p341,[p381,p360,p367,p328,],0,3181.85,,p341,[p381,p360,p367,p328,],0,3181.85,341,341
p342,[p376,p360,p328,p381,],0,3182.17,,p342,[p376,p360,p328,p381,],0,3182.17,342,342
p343,[p373,p348,p359,p328,],0,3181.93,,p343,[p373,p348,p359,p328,],0,3181.93,343,343
p344,[p381,p373,p348,p366,],0,3182.09,,p344,[p381,p373,p348,p366,],0,3182.09,344,344
p345,[p367,p331,p348,p351,],0,3181.95,,p345,[p367,p331,p348,p351,],0,3181.95,345,345
p346,[p328,p348,p367,p373,],35,3182.75,,p346,[p328,p348,p367,p373,],35,3182.75,346,346
p347,[p367,p348,p328,p346,],0,3183.02,,p347,[p367,p348,p328,p346,],0,3183.02,347,347
p348,[p346,p328,p373,p367,],38,3182.93,,p348,[p346,p328,p373,p367,],38,3182.93,348,348
p349,[p373,p360,p356,p348,],0,3182.35,,p349,[p373,p360,p356,p348,],0,3182.35,349,349
p350,[p352,p360,p366,p359,],0,3184.1,,p350,[p352,p360,p366,p359,],0,3184.1,350,350
p351,[p348,p328,p346,p373,],3,3182.2,,p351,[p348,p328,p346,p373,],3,3182.2,351,351
p352,[p328,p381,p346,p348,],2,3182.28,,p352,[p328,p381,p346,p348,],2,3182.28,352,352
p353,[p366,p373,p367,p331,],0,3182.35,,p353,[p366,p373,p367,p331,],0,3182.35,353,353
p354,[p356,p360,p328,p381,],0,3183.4,,p354,[p356,p360,p328,p381,],0,3183.4,354,354
p355,[p381,p366,p360,p348,],0,3182.45,,p355,[p381,p366,p360,p348,],0,3182.45,355,355
p356,[p328,p346,p348,p367,],6,3182.74,,p356,[p328,p346,p348,p367,],6,3182.74,356,356
p357,[p328,p346,p367,p356,],0,3182.93,,p357,[p328,p346,p367,p356,],0,3182.93,357,357
p358,[p367,p373,p348,p328,],0,3182.92,,p358,[p367,p373,p348,p328,],0,3182.92,358,358
p359,[p348,p328,p346,p367,],6,3182.69,,p359,[p348,p328,p346,p367,],6,3182.69,359,359
p360,[p328,p346,p348,p367,],16,3182.74,,p360,[p328,p346,p348,p367,],16,3182.74,360,360
p361,[p333,p376,p381,p366,],0,3184.31,,p361,[p333,p376,p381,p366,],0,3184.31,361,361
p362,[p348,p328,p346,p366,],0,3183.07,,p362,[p348,p328,p346,p366,],0,3183.07,362,362
p363,[p348,p328,p346,p367,],0,3182.41,,p363,[p348,p328,p346,p367,],0,3182.41,363,363
p364,[p348,p328,p346,p373,],0,3182.48,,p364,[p348,p328,p346,p373,],0,3182.48,364,364
p365,[p367,p331,p328,p346,],0,3181.47,,p365,[p367,p331,p328,p346,],0,3181.47,365,365
p366,[p328,p348,p346,p367,],14,3182.81,,p366,[p328,p348,p346,p367,],14,3182.81,366,366
p367,[p346,p328,p348,p373,],30,3182.63,,p367,[p346,p328,p348,p373,],30,3182.63,367,367
p368,[p348,p366,p367,p331,],0,3183.6,,p368,[p348,p366,p367,p331,],0,3183.6,368,368
p369,[p348,p366,p360,p381,],0,3181.67,,p369,[p348,p366,p360,p381,],0,3181.67,369,369
p370,[p367,p381,p373,p348,],0,3182.06,,p370,[p367,p381,p373,p348,],0,3182.06,370,370
p371,[p367,p328,p346,p360,],0,3181.12,,p371,[p367,p328,p346,p360,],0,3181.12,371,371
p372,[p348,p367,p360,p346,],0,3182.51,,p372,[p348,p367,p360,p346,],0,3182.51,372,372
p373,[p348,p346,p328,p367,],26,3182.82,,p373,[p348,p346,p328,p367,],26,3182.82,373,373
p374,[p373,p346,p348,p328,],0,3182.6,,p374,[p373,p346,p348,p328,],0,3182.6,374,374
p375,[p328,p346,p367,p373,],2,3182.07,,p375,[p328,p346,p367,p373,],2,3182.07,375,375
p376,[p328,p346,p360,p373,],3,3182.94,,p376,[p328,p346,p360,p373,],3,3182.94,376,376
p377,[p348,p373,p331,p381,],0,3183.54,,p377,[p348,p373,p331,p381,],0,3183.54,377,377
p378,[p331,p328,p346,p367,],0,3183.15,,p378,[p331,p328,p346,p367,],0,3183.15,378,378
p379,[p367,p373,p328,p346,],0,3182.34,,p379,[p367,p373,p328,p346,],0,3182.34,379,379
p380,[p328,p346,p348,p331,],0,3182.69,,p380,[p328,p346,p348,p331,],0,3182.69,380,380
p381,[p367,p348,p346,p373,],16,3182.77,,p381,[p367,p348,p346,p373,],16,3182.77,381,381
p382,[p356,p333,p327,p328,],0,3182.64,,p382,[p356,p333,p327,p328,],0,3182.64,382,382
p383,[p351,p359,p333,p348,],0,3182.06,,p383,[p351,p359,p333,p348,],0,3182.06,383,383
p384,[p445,p411,p427,p437,],1,3155.89,,p384,[p445,p411,p427,p437,],1,3155.89,384,384
p385,[p437,p406,p414,p445,],0,3156.49,,p385,[p437,p406,p414,p445,],0,3156.49,385,385
p386,[p445,p411,p427,p406,],4,3156.21,,p386,[p445,p411,p427,p406,],4,3156.21,386,386
p387,[p440,p427,p394,p411,],0,3155.93,,p387,[p440,p427,p394,p411,],0,3155.93,387,387
p388,[p406,p445,p427,p411,],1,3156.35,,p388,[p406,p445,p427,p411,],1,3156.35,388,388
p389,[p406,p414,p445,p411,],1,3155.25,,p389,[p406,p414,p445,p411,],1,3155.25,389,389
p390,[p445,p411,p427,p406,],2,3156.63,,p390,[p445,p411,p427,p406,],2,3156.63,390,390
p391,[p406,p445,p427,p411,],2,3156.67,,p391,[p406,p445,p427,p411,],2,3156.67,391,391
p392,[p386,p406,p440,p427,],0,3155.8,,p392,[p386,p406,p440,p427,],0,3155.8,392,392
p393,[p445,p411,p427,p406,],6,3156.08,,p393,[p445,p411,p427,p406,],6,3156.08,393,393
p394,[p414,p445,p411,p427,],5,3156.46,,p394,[p414,p445,p411,p427,],5,3156.46,394,394
p395,[p414,p427,p411,p403,],1,3156.37,,p395,[p414,p427,p411,p403,],1,3156.37,395,395
p396,[p394,p437,p411,p406,],0,3157.11,,p396,[p394,p437,p411,p406,],0,3157.11,396,396
p397,[p427,p445,p411,p406,],5,3156.1,,p397,[p427,p445,p411,p406,],5,3156.1,397,397
p398,[p403,p391,p440,p427,],0,3156.66,,p398,[p403,p391,p440,p427,],0,3156.66,398,398
p399,[p437,p406,p414,p440,],0,3155.65,,p399,[p437,p406,p414,p440,],0,3155.65,399,399
p400,[p384,p386,p414,p427,],0,3156.16,,p400,[p384,p386,p414,p427,],0,3156.16,400,400
p401,[p409,p427,p395,p445,],0,3156.11,,p401,[p409,p427,p395,p445,],0,3156.11,401,401
p402,[p445,p411,p427,p414,],0,3155.8,,p402,[p445,p411,p427,p414,],0,3155.8,402,402
p403,[p427,p411,p445,p406,],22,3156.27,,p403,[p427,p411,p445,p406,],22,3156.27,403,403
p404,[p440,p403,p445,p411,],0,3157.46,,p404,[p440,p403,p445,p411,],0,3157.46,404,404
p405,[p437,p397,p412,p403,],0,3156.41,,p405,[p437,p397,p412,p403,],0,3156.41,405,405
p406,[p427,p445,p411,p414,],27,3156.19,,p406,[p427,p445,p411,p414,],27,3156.19,406,406
p407,[p440,p406,p445,p411,],0,3157.04,,p407,[p440,p406,p445,p411,],0,3157.04,407,407
p408,[p427,p411,p403,p397,],0,3156.19,,p408,[p427,p411,p403,p397,],0,3156.19,408,408
p409,[p411,p427,p445,p406,],6,3156.7,,p409,[p411,p427,p445,p406,],6,3156.7,409,409
p410,[p445,p411,p427,p414,],1,3156.39,,p410,[p445,p411,p427,p414,],1,3156.39,410,410
p411,[p427,p445,p406,p403,],39,3156.29,,p411,[p427,p445,p406,p403,],39,3156.29,411,411
p412,[p406,p445,p411,p403,],2,3156.08,,p412,[p406,p445,p411,p403,],2,3156.08,412,412
p413,[p414,p445,p411,p427,],0,3156.2,,p413,[p414,p445,p411,p427,],0,3156.2,413,413
p414,[p445,p411,p427,p406,],18,3156,,p414,[p445,p411,p427,p406,],18,3156,414,414
p415,[p403,p414,p427,p445,],1,3156.46,,p415,[p403,p414,p427,p445,],1,3156.46,415,415
p416,[p440,p411,p427,p445,],0,3156.64,,p416,[p440,p411,p427,p445,],0,3156.64,416,416
p417,[p440,p386,p437,p403,],0,3155.74,,p417,[p440,p386,p437,p403,],0,3155.74,417,417
p418,[p437,p409,p403,p406,],0,3156.34,,p418,[p437,p409,p403,p406,],0,3156.34,418,418
p419,[p393,p414,p427,p445,],0,3156.21,,p419,[p393,p414,p427,p445,],0,3156.21,419,419
p420,[p403,p414,p445,p411,],2,3156.38,,p420,[p403,p414,p445,p411,],2,3156.38,420,420
p421,[p427,p411,p406,p445,],0,3157.07,,p421,[p427,p411,p406,p445,],0,3157.07,421,421
p422,[p409,p414,p440,p393,],0,3156.75,,p422,[p409,p414,p440,p393,],0,3156.75,422,422
p423,[p445,p411,p427,p414,],0,3155.91,,p423,[p445,p411,p427,p414,],0,3155.91,423,423
p424,[p403,p445,p411,p427,],0,3156.07,,p424,[p403,p445,p411,p427,],0,3156.07,424,424
p425,[p410,p409,p445,p403,],0,3156.89,,p425,[p410,p409,p445,p403,],0,3156.89,425,425
p426,[p445,p411,p403,p427,],0,3156.89,,p426,[p445,p411,p403,p427,],0,3156.89,426,426
p427,[p411,p445,p406,p403,],43,3156.23,,p427,[p411,p445,p406,p403,],43,3156.23,427,427
p428,[p444,p397,p393,p394,],0,3157.17,,p428,[p444,p397,p393,p394,],0,3157.17,428,428
p429,[p403,p445,p411,p427,],0,3156.31,,p429,[p403,p445,p411,p427,],0,3156.31,429,429
p430,[p445,p411,p406,p427,],0,3155.57,,p430,[p445,p411,p406,p427,],0,3155.57,430,430
p431,[p445,p411,p406,p427,],0,3156.09,,p431,[p445,p411,p406,p427,],0,3156.09,431,431
p432,[p437,p444,p386,p420,],0,3157.2,,p432,[p437,p444,p386,p420,],0,3157.2,432,432
p433,[p403,p445,p427,p388,],0,3155.95,,p433,[p403,p445,p427,p388,],0,3155.95,433,433
p434,[p394,p403,p440,p390,],0,3156.43,,p434,[p394,p403,p440,p390,],0,3156.43,434,434
p435,[p437,p445,p403,p427,],0,3155.77,,p435,[p437,p445,p403,p427,],0,3155.77,435,435
p436,[p397,p403,p437,p445,],0,3156.72,,p436,[p397,p403,p437,p445,],0,3156.72,436,436
p437,[p406,p427,p445,p411,],10,3156.08,,p437,[p406,p427,p445,p411,],10,3156.08,437,437
p438,[p403,p406,p397,p427,],0,3156.35,,p438,[p403,p406,p397,p427,],0,3156.35,438,438
p439,[p390,p412,p409,p389,],0,3153.48,,p439,[p390,p412,p409,p389,],0,3153.48,439,439
p440,[p445,p411,p427,p406,],12,3156.58,,p440,[p445,p411,p427,p406,],12,3156.58,440,440
p441,[p403,p427,p445,p411,],0,3155.9,,p441,[p403,p427,p445,p411,],0,3155.9,441,441
p442,[p409,p411,p427,p445,],0,3157.38,,p442,[p409,p411,p427,p445,],0,3157.38,442,442
p443,[p420,p393,p414,p415,],0,3155.63,,p443,[p420,p393,p414,p415,],0,3155.63,443,443
p444,[p414,p440,p445,p411,],2,3156.16,,p444,[p414,p440,p445,p411,],2,3156.16,444,444
p445,[p411,p427,p406,p414,],43,3156.35,,p445,[p411,p427,p406,p414,],43,3156.35,445,445
p446,[p394,p406,p427,p393,],0,3155.22,,p446,[p394,p406,p427,p393,],0,3155.22,446,446
p447,[p391,p440,p427,p393,],0,3155.93,,p447,[p391,p440,p427,p393,],0,3155.93,447,447
p448,[p510,p480,p490,p496,],8,3079.83,,p448,[p510,p480,p490,p496,],8,3079.83,448,448
p449,[p453,p496,p480,p460,],0,3079.28,,p449,[p453,p496,p480,p460,],0,3079.28,449,449
p450,[p490,p480,p453,p461,],0,3079.21,,p450,[p490,p480,p453,p461,],0,3079.21,450,450
p451,[p510,p480,p453,p488,],0,3080.12,,p451,[p510,p480,p453,p488,],0,3080.12,451,451
p452,[p473,p448,p510,p488,],0,3080.91,,p452,[p473,p448,p510,p488,],0,3080.91,452,452
p453,[p496,p460,p480,p510,],28,3079.63,,p453,[p496,p460,p480,p510,],28,3079.63,453,453
p454,[p490,p483,p473,p464,],0,3080.12,,p454,[p490,p483,p473,p464,],0,3080.12,454,454
p455,[p453,p488,p461,p496,],0,3080.4,,p455,[p453,p488,p461,p496,],0,3080.4,455,455
p456,[p480,p453,p460,p474,],0,3081.26,,p456,[p480,p453,p460,p474,],0,3081.26,456,456
p457,[p453,p461,p508,p488,],0,3081.75,,p457,[p453,p461,p508,p488,],0,3081.75,457,457
p458,[p480,p453,p496,p488,],0,3079.18,,p458,[p480,p453,p496,p488,],0,3079.18,458,458
p459,[p448,p470,p508,p510,],0,3078.44,,p459,[p448,p470,p508,p510,],0,3078.44,459,459
p460,[p496,p453,p510,p480,],27,3079.49,,p460,[p496,p453,p510,p480,],27,3079.49,460,460
p461,[p453,p488,p496,p460,],7,3079.21,,p461,[p453,p488,p496,p460,],7,3079.21,461,461
p462,[p470,p488,p490,p460,],0,3079.51,,p462,[p470,p488,p490,p460,],0,3079.51,462,462
p463,[p453,p460,p496,p510,],0,3078.76,,p463,[p453,p460,p496,p510,],0,3078.76,463,463
p464,[p508,p473,p496,p510,],3,3079.63,,p464,[p508,p473,p496,p510,],3,3079.63,464,464
p465,[p480,p490,p464,p453,],0,3079.69,,p465,[p480,p490,p464,p453,],0,3079.69,465,465
p466,[p473,p453,p488,p460,],0,3079.49,,p466,[p473,p453,p488,p460,],0,3079.49,466,466
p467,[p448,p480,p453,p508,],0,3080.72,,p467,[p448,p480,p453,p508,],0,3080.72,467,467
p468,[p508,p480,p488,p510,],0,3079.45,,p468,[p508,p480,p488,p510,],0,3079.45,468,468
p469,[p474,p473,p490,p470,],0,3078.54,,p469,[p474,p473,p490,p470,],0,3078.54,469,469
p470,[p496,p488,p510,p460,],12,3079.76,,p470,[p496,p488,p510,p460,],12,3079.76,470,470
p471,[p480,p488,p490,p496,],0,3079.64,,p471,[p480,p488,p490,p496,],0,3079.64,471,471
p472,[p510,p460,p473,p480,],1,3078.93,,p472,[p510,p460,p473,p480,],1,3078.93,472,472
p473,[p510,p496,p490,p453,],22,3079.84,,p473,[p510,p496,p490,p453,],22,3079.84,473,473
p474,[p473,p453,p496,p480,],3,3079.55,,p474,[p473,p453,p496,p480,],3,3079.55,474,474
p475,[p470,p473,p510,p508,],0,3079.73,,p475,[p470,p473,p510,p508,],0,3079.73,475,475
p476,[p510,p488,p473,p496,],0,3078.89,,p476,[p510,p488,p473,p496,],0,3078.89,476,476
p477,[p490,p510,p488,p448,],0,3080.63,,p477,[p490,p510,p488,p448,],0,3080.63,477,477
p478,[p480,p460,p496,p453,],0,3079.64,,p478,[p480,p460,p496,p453,],0,3079.64,478,478
p479,[p490,p483,p473,p460,],0,3079.66,,p479,[p490,p483,p473,p460,],0,3079.66,479,479
p480,[p453,p488,p496,p460,],28,3079.79,,p480,[p453,p488,p496,p460,],28,3079.79,480,480
p481,[p480,p473,p510,p488,],0,3079.5,,p481,[p480,p473,p510,p488,],0,3079.5,481,481
p482,[p490,p461,p480,p460,],0,3079.4,,p482,[p490,p461,p480,p460,],0,3079.4,482,482
p483,[p490,p473,p508,p496,],3,3079.13,,p483,[p490,p473,p508,p496,],3,3079.13,483,483
p484,[p453,p473,p460,p480,],0,3079.74,,p484,[p453,p473,p460,p480,],0,3079.74,484,484
p485,[p472,p490,p510,p470,],0,3076.55,,p485,[p472,p490,p510,p470,],0,3076.55,485,485
p486,[p461,p496,p488,p470,],0,3079.8,,p486,[p461,p496,p488,p470,],0,3079.8,486,486
p487,[p505,p473,p461,p488,],0,3080.86,,p487,[p505,p473,p461,p488,],0,3080.86,487,487
p488,[p480,p496,p453,p460,],26,3079.6,,p488,[p480,p496,p453,p460,],26,3079.6,488,488
p489,[p508,p473,p480,p453,],0,3078.05,,p489,[p508,p473,p480,p453,],0,3078.05,489,489
p490,[p496,p453,p460,p480,],22,3080.09,,p490,[p496,p453,p460,p480,],22,3080.09,490,490
p491,[p460,p508,p490,p448,],0,3078.5,,p491,[p460,p508,p490,p448,],0,3078.5,491,491
p492,[p460,p496,p453,p488,],0,3079.01,,p492,[p460,p496,p453,p488,],0,3079.01,492,492
p493,[p490,p496,p488,p473,],0,3079.16,,p493,[p490,p496,p488,p473,],0,3079.16,493,493
p494,[p508,p473,p490,p496,],0,3077.65,,p494,[p508,p473,p490,p496,],0,3077.65,494,494
p495,[p470,p473,p510,p448,],0,3079.92,,p495,[p470,p473,p510,p448,],0,3079.92,495,495
p496,[p453,p460,p510,p480,],29,3079.52,,p496,[p453,p460,p510,p480,],29,3079.52,496,496
p497,[p505,p448,p470,p490,],0,3079.67,,p497,[p505,p448,p470,p490,],0,3079.67,497,497
p498,[p473,p470,p510,p490,],0,3079.47,,p498,[p473,p470,p510,p490,],0,3079.47,498,498
p499,[p453,p496,p460,p488,],0,3079.26,,p499,[p453,p496,p460,p488,],0,3079.26,499,499
p500,[p470,p473,p510,p460,],0,3078.85,,p500,[p470,p473,p510,p460,],0,3078.85,500,500
p501,[p473,p464,p508,p461,],0,3079.89,,p501,[p473,p464,p508,p461,],0,3079.89,501,501
p502,[p488,p470,p460,p508,],0,3080.81,,p502,[p488,p470,p460,p508,],0,3080.81,502,502
p503,[p496,p473,p460,p480,],0,3081.1,,p503,[p496,p473,p460,p480,],0,3081.1,503,503
p504,[p488,p474,p453,p496,],0,3078.69,,p504,[p488,p474,p453,p496,],0,3078.69,504,504
p505,[p490,p460,p496,p480,],2,3079.39,,p505,[p490,p460,p496,p480,],2,3079.39,505,505
p506,[p483,p490,p448,p488,],0,3078.96,,p506,[p483,p490,p448,p488,],0,3078.96,506,506
p507,[p460,p480,p488,p508,],0,3079.59,,p507,[p460,p480,p488,p508,],0,3079.59,507,507
p508,[p496,p453,p480,p488,],14,3079.54,,p508,[p496,p453,p480,p488,],14,3079.54,508,508
p509,[p490,p453,p460,p470,],0,3079.51,,p509,[p490,p453,p460,p470,],0,3079.51,509,509
p510,[p496,p453,p460,p480,],21,3079.37,,p510,[p496,p453,p460,p480,],21,3079.37,510,510
p511,[p508,p480,p490,p488,],0,3079.97,,p511,[p508,p480,p490,p488,],0,3079.97,511,511
p512,[p543,p557,p541,p560,],0,3046.69,,p512,[p543,p557,p541,p560,],0,3046.69,512,512
p513,[p516,p522,p565,p553,],0,3045.47,,p513,[p516,p522,p565,p553,],0,3045.47,513,513
p514,[p557,p541,p543,p523,],44,3046.07,,p514,[p557,p541,p543,p523,],44,3046.07,514,514
p515,[p523,p541,p514,p557,],6,3046.78,,p515,[p523,p541,p514,p557,],6,3046.78,515,515
p516,[p541,p514,p557,p523,],7,3046.77,,p516,[p541,p514,p557,p523,],7,3046.77,516,516
p517,[p537,p514,p515,p557,],0,3045.54,,p517,[p537,p514,p515,p557,],0,3045.54,517,517
p518,[p541,p557,p514,p537,],0,3045.01,,p518,[p541,p557,p514,p537,],0,3045.01,518,518
p519,[p560,p514,p556,p553,],0,3047.32,,p519,[p560,p514,p556,p553,],0,3047.32,519,519
p520,[p557,p565,p543,p523,],0,3046.96,,p520,[p557,p565,p543,p523,],0,3046.96,520,520
p521,[p514,p541,p523,p557,],6,3046.96,,p521,[p514,p541,p523,p557,],6,3046.96,521,521
p522,[p543,p541,p557,p514,],2,3046.38,,p522,[p543,p541,p557,p514,],2,3046.38,522,522
p523,[p541,p557,p514,p543,],21,3046.31,,p523,[p541,p557,p514,p543,],21,3046.31,523,523
p524,[p557,p556,p560,p541,],0,3045.42,,p524,[p557,p556,p560,p541,],0,3045.42,524,524
p525,[p560,p543,p553,p557,],0,3046.03,,p525,[p560,p543,p553,p557,],0,3046.03,525,525
p526,[p541,p543,p514,p557,],2,3046.59,,p526,[p541,p543,p514,p557,],2,3046.59,526,526
p527,[p571,p556,p543,p514,],0,3045.78,,p527,[p571,p556,p543,p514,],0,3045.78,527,527
p528,[p553,p529,p557,p514,],0,3046.29,,p528,[p553,p529,p557,p514,],0,3046.29,528,528
p529,[p557,p541,p514,p516,],1,3046.44,,p529,[p557,p541,p514,p516,],1,3046.44,529,529
p530,[p565,p557,p514,p541,],0,3046.59,,p530,[p565,p557,p514,p541,],0,3046.59,530,530
p531,[p514,p541,p543,p556,],0,3046.79,,p531,[p514,p541,p543,p556,],0,3046.79,531,531
p532,[p556,p553,p543,p515,],0,3046.56,,p532,[p556,p553,p543,p515,],0,3046.56,532,532
p533,[p541,p565,p557,p523,],0,3047.08,,p533,[p541,p565,p557,p523,],0,3047.08,533,533
p534,[p571,p551,p521,p541,],0,3046.44,,p534,[p571,p551,p521,p541,],0,3046.44,534,534
p535,[p523,p560,p557,p515,],0,3046.3,,p535,[p523,p560,p557,p515,],0,3046.3,535,535
p536,[p514,p521,p516,p553,],0,3047.91,,p536,[p514,p521,p516,p553,],0,3047.91,536,536
p537,[p514,p557,p541,p543,],4,3046.34,,p537,[p514,p557,p541,p543,],4,3046.34,537,537
p538,[p541,p523,p521,p557,],0,3046.66,,p538,[p541,p523,p521,p557,],0,3046.66,538,538
p539,[p557,p541,p514,p556,],0,3046.83,,p539,[p557,p541,p514,p556,],0,3046.83,539,539
p540,[p516,p563,p543,p523,],0,3045.89,,p540,[p516,p563,p543,p523,],0,3045.89,540,540
p541,[p514,p557,p523,p543,],42,3046.12,,p541,[p514,p557,p523,p543,],42,3046.12,541,541
p542,[p514,p537,p541,p523,],0,3046.88,,p542,[p514,p537,p541,p523,],0,3046.88,542,542
p543,[p541,p514,p557,p523,],31,3045.98,,p543,[p541,p514,p557,p523,],31,3045.98,543,543
p544,[p516,p563,p522,p557,],0,3045.95,,p544,[p516,p563,p522,p557,],0,3045.95,544,544
p545,[p541,p553,p523,p515,],0,3046.53,,p545,[p541,p553,p523,p515,],0,3046.53,545,545
p546,[p514,p557,p541,p543,],0,3046.17,,p546,[p514,p557,p541,p543,],0,3046.17,546,546
p547,[p541,p557,p565,p514,],0,3046.17,,p547,[p541,p557,p565,p514,],0,3046.17,547,547
p548,[p563,p526,p541,p514,],0,3047.78,,p548,[p563,p526,p541,p514,],0,3047.78,548,548
p549,[p521,p565,p537,p543,],0,3047.62,,p549,[p521,p565,p537,p543,],0,3047.62,549,549
p550,[p541,p543,p557,p553,],0,3047.05,,p550,[p541,p543,p557,p553,],0,3047.05,550,550
p551,[p541,p514,p557,p543,],1,3046.38,,p551,[p541,p514,p557,p543,],1,3046.38,551,551
p552,[p557,p541,p514,p553,],0,3046.89,,p552,[p557,p541,p514,p553,],0,3046.89,552,552
p553,[p541,p514,p557,p543,],11,3046.21,,p553,[p541,p514,p557,p543,],11,3046.21,553,553
p554,[p541,p543,p523,p560,],0,3046.37,,p554,[p541,p543,p523,p560,],0,3046.37,554,554
p555,[p541,p565,p514,p526,],0,3048.43,,p555,[p541,p565,p514,p526,],0,3048.43,555,555
p556,[p541,p514,p543,p565,],9,3046.35,,p556,[p541,p514,p543,p565,],9,3046.35,556,556
p557,[p514,p541,p543,p523,],42,3046.09,,p557,[p514,p541,p543,p523,],42,3046.09,557,557
p558,[p543,p514,p541,p553,],0,3047.62,,p558,[p543,p514,p541,p553,],0,3047.62,558,558
p559,[p543,p557,p514,p523,],0,3045.61,,p559,[p543,p557,p514,p523,],0,3045.61,559,559
p560,[p541,p557,p514,p543,],9,3045.94,,p560,[p541,p557,p514,p543,],9,3045.94,560,560
p561,[p521,p543,p514,p515,],0,3047.91,,p561,[p521,p543,p514,p515,],0,3047.91,561,561
p562,[p565,p514,p521,p557,],0,3047.84,,p562,[p565,p514,p521,p557,],0,3047.84,562,562
p563,[p541,p543,p514,p557,],5,3046.62,,p563,[p541,p543,p514,p557,],5,3046.62,563,563
p564,[p543,p560,p515,p514,],0,3045.52,,p564,[p543,p560,p515,p514,],0,3045.52,564,564
p565,[p541,p523,p514,p557,],11,3046.6,,p565,[p541,p523,p514,p557,],11,3046.6,565,565
p566,[p543,p514,p556,p541,],0,3045.68,,p566,[p543,p514,p556,p541,],0,3045.68,566,566
p567,[p523,p557,p543,p565,],0,3046.92,,p567,[p523,p557,p543,p565,],0,3046.92,567,567
p568,[p541,p543,p514,p556,],0,3045.82,,p568,[p541,p543,p514,p556,],0,3045.82,568,568
p569,[p563,p557,p514,p516,],0,3047.69,,p569,[p563,p557,p514,p516,],0,3047.69,569,569
p570,[p557,p523,p514,p541,],0,3046.83,,p570,[p557,p523,p514,p541,],0,3046.83,570,570
p571,[p514,p516,p556,p557,],2,3046.74,,p571,[p514,p516,p556,p557,],2,3046.74,571,571
p572,[p557,p553,p563,p541,],0,3045.66,,p572,[p557,p553,p563,p541,],0,3045.66,572,572
p573,[p523,p560,p557,p514,],0,3045.87,,p573,[p523,p560,p557,p514,],0,3045.87,573,573
p574,[p523,p541,p560,p565,],0,3044.66,,p574,[p523,p541,p560,p565,],0,3044.66,574,574
p575,[p514,p557,p541,p543,],0,3046.35,,p575,[p514,p557,p541,p543,],0,3046.35,575,575
p576,[p597,p578,p610,p589,],0,3089.86,,p576,[p597,p578,p610,p589,],0,3089.86,576,576
p577,[p618,p634,p624,p589,],0,3088.96,,p577,[p618,p634,p624,p589,],0,3088.96,577,577
p578,[p618,p589,p622,p634,],1,3090.21,,p578,[p618,p589,p622,p634,],1,3090.21,578,578
p579,[p639,p597,p618,p620,],0,3090.58,,p579,[p639,p597,p618,p620,],0,3090.58,579,579
p580,[p618,p622,p624,p589,],0,3089.98,,p580,[p618,p622,p624,p589,],0,3089.98,580,580
p581,[p622,p624,p634,p582,],0,3091.08,,p581,[p622,p624,p634,p582,],0,3091.08,581,581
p582,[p589,p634,p624,p622,],23,3090.31,,p582,[p589,p634,p624,p622,],23,3090.31,582,582
p583,[p620,p639,p597,p610,],1,3090.7,,p583,[p620,p639,p597,p610,],1,3090.7,583,583
p584,[p620,p639,p587,p599,],0,3090.12,,p584,[p620,p639,p587,p599,],0,3090.12,584,584
p585,[p602,p622,p582,p589,],0,3089.54,,p585,[p602,p622,p582,p589,],0,3089.54,585,585
p586,[p624,p634,p582,p618,],0,3090.33,,p586,[p624,p634,p582,p618,],0,3090.33,586,586
p587,[p620,p589,p582,p624,],3,3090.12,,p587,[p620,p589,p582,p624,],3,3090.12,587,587
p588,[p582,p589,p622,p634,],0,3089.47,,p588,[p582,p589,p622,p634,],0,3089.47,588,588
p589,[p582,p634,p624,p622,],29,3090.27,,p589,[p582,p634,p624,p622,],29,3090.27,589,589
p590,[p596,p618,p624,p627,],0,3089.74,,p590,[p596,p618,p624,p627,],0,3089.74,590,590
p591,[p624,p589,p634,p582,],3,3090.64,,p591,[p624,p589,p634,p582,],3,3090.64,591,591
p592,[p589,p582,p634,p624,],0,3090.27,,p592,[p589,p582,p634,p624,],0,3090.27,592,592
p593,[p622,p602,p624,p591,],0,3089.59,,p593,[p622,p602,p624,p591,],0,3089.59,593,593
p594,[p620,p627,p622,p589,],0,3089.82,,p594,[p620,p627,p622,p589,],0,3089.82,594,594
p595,[p634,p624,p599,p622,],1,3090.11,,p595,[p634,p624,p599,p622,],1,3090.11,595,595
p596,[p620,p602,p624,p622,],1,3089.91,,p596,[p620,p602,p624,p622,],1,3089.91,596,596
p597,[p634,p624,p589,p582,],8,3090.21,,p597,[p634,p624,p589,p582,],8,3090.21,597,597
p598,[p614,p597,p610,p602,],0,3090.45,,p598,[p614,p597,p610,p602,],0,3090.45,598,598
p599,[p589,p582,p624,p634,],9,3090.75,,p599,[p589,p582,p624,p634,],9,3090.75,599,599
p600,[p639,p599,p589,p634,],0,3090.81,,p600,[p639,p599,p589,p634,],0,3090.81,600,600
p601,[p618,p634,p624,p589,],0,3090.54,,p601,[p618,p634,p624,p589,],0,3090.54,601,601
p602,[p622,p634,p624,p582,],15,3090.38,,p602,[p622,p634,p624,p582,],15,3090.38,602,602
p603,[p624,p622,p620,p634,],1,3090.2,,p603,[p624,p622,p620,p634,],1,3090.2,603,603
p604,[p610,p602,p620,p624,],0,3090.54,,p604,[p610,p602,p620,p624,],0,3090.54,604,604
p605,[p634,p610,p624,p582,],1,3090.06,,p605,[p634,p610,p624,p582,],1,3090.06,605,605
p606,[p587,p620,p639,p599,],0,3091.6,,p606,[p587,p620,p639,p599,],0,3091.6,606,606
p607,[p618,p610,p620,p602,],0,3089.59,,p607,[p618,p610,p620,p602,],0,3089.59,607,607
p608,[p599,p582,p589,p634,],0,3090.04,,p608,[p599,p582,p589,p634,],0,3090.04,608,608
p609,[p599,p617,p595,p610,],0,3091.81,,p609,[p599,p617,p595,p610,],0,3091.81,609,609
p610,[p618,p624,p589,p634,],9,3090.48,,p610,[p618,p624,p589,p634,],9,3090.48,610,610
p611,[p618,p622,p624,p634,],0,3089.79,,p611,[p618,p622,p624,p634,],0,3089.79,611,611
p612,[p605,p618,p610,p603,],0,3089.46,,p612,[p605,p618,p610,p603,],0,3089.46,612,612
p613,[p622,p618,p634,p602,],0,3089.98,,p613,[p622,p618,p634,p602,],0,3089.98,613,613
p614,[p602,p620,p622,p587,],1,3089.83,,p614,[p602,p620,p622,p587,],1,3089.83,614,614
p615,[p622,p620,p602,p624,],4,3090.2,,p615,[p622,p620,p602,p624,],4,3090.2,615,615
p616,[p622,p618,p602,p634,],0,3090.85,,p616,[p622,p618,p602,p634,],0,3090.85,616,616
p617,[p582,p624,p589,p634,],1,3090.18,,p617,[p582,p624,p589,p634,],1,3090.18,617,617
p618,[p634,p582,p624,p589,],17,3090.61,,p618,[p634,p582,p624,p589,],17,3090.61,618,618
p619,[p620,p615,p622,p602,],0,3089.51,,p619,[p620,p615,p622,p602,],0,3089.51,619,619
p620,[p624,p582,p589,p634,],20,3090.41,,p620,[p624,p582,p589,p634,],20,3090.41,620,620
p621,[p624,p622,p618,p634,],0,3090.6,,p621,[p624,p622,p618,p634,],0,3090.6,621,621
p622,[p582,p589,p634,p624,],27,3090.58,,p622,[p582,p589,p634,p624,],27,3090.58,622,622
p623,[p620,p624,p589,p634,],0,3089.85,,p623,[p620,p624,p589,p634,],0,3089.85,623,623
p624,[p634,p582,p589,p622,],36,3090.36,,p624,[p634,p582,p589,p622,],36,3090.36,624,624
p625,[p615,p627,p610,p583,],0,3089.78,,p625,[p615,p627,p610,p583,],0,3089.78,625,625
p626,[p591,p624,p634,p602,],0,3088.48,,p626,[p591,p624,p634,p602,],0,3088.48,626,626
p627,[p620,p624,p634,p582,],3,3090.35,,p627,[p620,p624,p634,p582,],3,3090.35,627,627
p628,[p602,p620,p622,p624,],0,3092.41,,p628,[p602,p620,p622,p624,],0,3092.41,628,628
p629,[p620,p639,p615,p622,],0,3088.67,,p629,[p620,p639,p615,p622,],0,3088.67,629,629
p630,[p620,p597,p618,p615,],0,3089.22,,p630,[p620,p597,p618,p615,],0,3089.22,630,630
p631,[p602,p634,p624,p589,],0,3088.81,,p631,[p602,p634,p624,p589,],0,3088.81,631,631
p632,[p599,p634,p589,p622,],0,3089.64,,p632,[p599,p634,p589,p622,],0,3089.64,632,632
p633,[p591,p620,p618,p597,],0,3090.06,,p633,[p591,p620,p618,p597,],0,3090.06,633,633
p634,[p582,p624,p589,p622,],35,3090.39,,p634,[p582,p624,p589,p622,],35,3090.39,634,634
p635,[p620,p597,p618,p624,],0,3090.1,,p635,[p620,p597,p618,p624,],0,3090.1,635,635
p636,[p599,p589,p622,p582,],0,3089.49,,p636,[p599,p589,p622,p582,],0,3089.49,636,636
p637,[p599,p597,p589,p582,],0,3089.86,,p637,[p599,p597,p589,p582,],0,3089.86,637,637
p638,[p639,p622,p602,p634,],0,3089.65,,p638,[p639,p622,p602,p634,],0,3089.65,638,638
p639,[p582,p624,p589,p634,],7,3090.1,,p639,[p582,p624,p589,p634,],7,3090.1,639,639
p640,[p686,p665,p693,p647,],0,3221.2,,p640,[p686,p665,p693,p647,],0,3221.2,640,640
p641,[p693,p665,p686,p656,],0,3222.44,,p641,[p693,p665,p686,p656,],0,3222.44,641,641
p642,[p671,p647,p686,p703,],0,3224.25,,p642,[p671,p647,p686,p703,],0,3224.25,642,642
p643,[p672,p681,p703,p702,],0,3220.23,,p643,[p672,p681,p703,p702,],0,3220.23,643,643
p644,[p662,p659,p656,p703,],0,3221.18,,p644,[p662,p659,p656,p703,],0,3221.18,644,644
p645,[p703,p647,p665,p656,],0,3222.65,,p645,[p703,p647,p665,p656,],0,3222.65,645,645
p646,[p665,p656,p703,p647,],0,3222.14,,p646,[p665,p656,p703,p647,],0,3222.14,646,646
p647,[p659,p656,p665,p662,],36,3221.61,,p647,[p659,p656,p665,p662,],36,3221.61,647,647
p648,[p647,p693,p659,p656,],0,3223.44,,p648,[p647,p693,p659,p656,],0,3223.44,648,648
p649,[p647,p665,p656,p659,],1,3221.62,,p649,[p647,p665,p656,p659,],1,3221.62,649,649
p650,[p647,p656,p659,p665,],0,3222.59,,p650,[p647,p656,p659,p665,],0,3222.59,650,650
p651,[p665,p686,p662,p685,],0,3220.49,,p651,[p665,p686,p662,p685,],0,3220.49,651,651
p652,[p693,p662,p656,p659,],0,3222.31,,p652,[p693,p662,p656,p659,],0,3222.31,652,652
p653,[p647,p665,p656,p659,],2,3222.11,,p653,[p647,p665,p656,p659,],2,3222.11,653,653
p654,[p647,p659,p653,p656,],0,3221.61,,p654,[p647,p659,p653,p656,],0,3221.61,654,654
p655,[p656,p703,p662,p659,],0,3220.36,,p655,[p656,p703,p662,p659,],0,3220.36,655,655
p656,[p659,p647,p665,p662,],52,3221.68,,p656,[p659,p647,p665,p662,],52,3221.68,656,656
p657,[p686,p656,p703,p659,],0,3221.56,,p657,[p686,p656,p703,p659,],0,3221.56,657,657
p658,[p686,p693,p665,p656,],0,3221.44,,p658,[p686,p693,p665,p656,],0,3221.44,658,658
p659,[p656,p647,p665,p662,],38,3221.57,,p659,[p656,p647,p665,p662,],38,3221.57,659,659
p660,[p659,p647,p656,p662,],0,3220.95,,p660,[p659,p647,p656,p662,],0,3220.95,660,660
p661,[p693,p662,p653,p656,],0,3220.2,,p661,[p693,p662,p653,p656,],0,3220.2,661,661
p662,[p656,p659,p647,p665,],27,3221.88,,p662,[p656,p659,p647,p665,],27,3221.88,662,662
p663,[p686,p693,p647,p665,],0,3221.12,,p663,[p686,p693,p647,p665,],0,3221.12,663,663
p664,[p693,p647,p656,p662,],0,3222.69,,p664,[p693,p647,p656,p662,],0,3222.69,664,664
p665,[p656,p659,p647,p662,],40,3221.83,,p665,[p656,p659,p647,p662,],40,3221.83,665,665
p666,[p665,p656,p647,p693,],0,3221.12,,p666,[p665,p656,p647,p693,],0,3221.12,666,666
p667,[p686,p656,p659,p665,],0,3220.92,,p667,[p686,p656,p659,p665,],0,3220.92,667,667
p668,[p665,p656,p659,p647,],0,3221.55,,p668,[p665,p656,p659,p647,],0,3221.55,668,668
p669,[p665,p656,p659,p686,],0,3221.83,,p669,[p665,p656,p659,p686,],0,3221.83,669,669
p670,[p656,p665,p693,p659,],0,3221.72,,p670,[p656,p665,p693,p659,],0,3221.72,670,670
p671,[p656,p647,p665,p662,],2,3221.05,,p671,[p656,p647,p665,p662,],2,3221.05,671,671
p672,[p656,p659,p662,p665,],1,3220.94,,p672,[p656,p659,p662,p665,],1,3220.94,672,672
p673,[p647,p656,p659,p662,],0,3221.16,,p673,[p647,p656,p659,p662,],0,3221.16,673,673
p674,[p703,p662,p656,p649,],0,3222.16,,p674,[p703,p662,p656,p649,],0,3222.16,674,674
p675,[p665,p656,p703,p647,],0,3220.77,,p675,[p665,p656,p703,p647,],0,3220.77,675,675
p676,[p686,p647,p656,p703,],0,3221.55,,p676,[p686,p647,p656,p703,],0,3221.55,676,676
p677,[p665,p686,p693,p656,],0,3222.44,,p677,[p665,p686,p693,p656,],0,3222.44,677,677
p678,[p662,p659,p647,p656,],0,3220.46,,p678,[p662,p659,p647,p656,],0,3220.46,678,678
p679,[p693,p686,p647,p656,],0,3221.26,,p679,[p693,p686,p647,p656,],0,3221.26,679,679
p680,[p662,p693,p656,p681,],0,3221.09,,p680,[p662,p693,p656,p681,],0,3221.09,680,680
p681,[p659,p656,p665,p662,],2,3221.2,,p681,[p659,p656,p665,p662,],2,3221.2,681,681
p682,[p693,p665,p659,p647,],0,3221.57,,p682,[p693,p665,p659,p647,],0,3221.57,682,682
p683,[p647,p665,p659,p656,],0,3222.57,,p683,[p647,p665,p659,p656,],0,3222.57,683,683
p684,[p665,p671,p693,p703,],0,3222.32,,p684,[p665,p671,p693,p703,],0,3222.32,684,684
p685,[p665,p659,p647,p656,],2,3221.35,,p685,[p665,p659,p647,p656,],2,3221.35,685,685
p686,[p659,p665,p656,p647,],15,3221.56,,p686,[p659,p665,p656,p647,],15,3221.56,686,686
p687,[p665,p659,p662,p656,],0,3221.56,,p687,[p665,p659,p662,p656,],0,3221.56,687,687
p688,[p659,p656,p665,p703,],0,3221.26,,p688,[p659,p656,p665,p703,],0,3221.26,688,688
p689,[p659,p647,p665,p656,],0,3221.34,,p689,[p659,p647,p665,p656,],0,3221.34,689,689
p690,[p647,p665,p656,p659,],0,3222.85,,p690,[p647,p665,p656,p659,],0,3222.85,690,690
p691,[p662,p686,p656,p659,],0,3222.19,,p691,[p662,p686,p656,p659,],0,3222.19,691,691
p692,[p647,p659,p693,p656,],0,3221.73,,p692,[p647,p659,p693,p656,],0,3221.73,692,692
p693,[p659,p656,p647,p665,],19,3222.01,,p693,[p659,p656,p647,p665,],19,3222.01,693,693
p694,[p693,p665,p703,p656,],0,3223.21,,p694,[p693,p665,p703,p656,],0,3223.21,694,694
p695,[p693,p702,p665,p662,],0,3222.43,,p695,[p693,p702,p665,p662,],0,3222.43,695,695
p696,[p665,p656,p662,p703,],0,3220.62,,p696,[p665,p656,p662,p703,],0,3220.62,696,696
p697,[p693,p662,p665,p686,],0,3221.49,,p697,[p693,p662,p665,p686,],0,3221.49,697,697
p698,[p665,p659,p656,p647,],0,3220.95,,p698,[p665,p659,p656,p647,],0,3220.95,698,698
p699,[p703,p662,p656,p659,],0,3220.85,,p699,[p703,p662,p656,p659,],0,3220.85,699,699
p700,[p702,p685,p662,p686,],0,3221.97,,p700,[p702,p685,p662,p686,],0,3221.97,700,700
p701,[p703,p659,p662,p647,],0,3222.08,,p701,[p703,p659,p662,p647,],0,3222.08,701,701
p702,[p659,p647,p665,p656,],3,3221.03,,p702,[p659,p647,p665,p656,],3,3221.03,702,702
p703,[p656,p659,p647,p662,],16,3221.43,,p703,[p656,p659,p647,p662,],16,3221.43,703,703
p704,[p726,p727,p743,p721,],0,3126.96,,p704,[p726,p727,p743,p721,],0,3126.96,704,704
p705,[p716,p712,p767,p726,],0,3126.72,,p705,[p716,p712,p767,p726,],0,3126.72,705,705
p706,[p716,p727,p711,p721,],0,3126.17,,p706,[p716,p727,p711,p721,],0,3126.17,706,706
p707,[p712,p721,p747,p743,],0,3123.76,,p707,[p712,p721,p747,p743,],0,3123.76,707,707
p708,[p743,p727,p711,p767,],26,3123.35,,p708,[p743,p727,p711,p767,],26,3123.35,708,708
p709,[p726,p716,p724,p767,],0,3124.43,,p709,[p726,p716,p724,p767,],0,3124.43,709,709
p710,[p721,p711,p743,p767,],4,3123.03,,p710,[p721,p711,p743,p767,],4,3123.03,710,710
p711,[p743,p767,p708,p754,],33,3123.74,,p711,[p743,p767,p708,p754,],33,3123.74,711,711
p712,[p708,p767,p726,p711,],13,3123.13,,p712,[p708,p767,p726,p711,],13,3123.13,712,712
p713,[p726,p743,p708,p754,],0,3122.29,,p713,[p726,p743,p708,p754,],0,3122.29,713,713
p714,[p727,p767,p708,p754,],1,3122.7,,p714,[p727,p767,p708,p754,],1,3122.7,714,714
p715,[p708,p718,p726,p739,],0,3122.09,,p715,[p708,p718,p726,p739,],0,3122.09,715,715
p716,[p711,p727,p767,p754,],13,3123.78,,p716,[p711,p727,p767,p754,],13,3123.78,716,716
p717,[p721,p708,p711,p743,],0,3122.43,,p717,[p721,p708,p711,p743,],0,3122.43,717,717
p718,[p754,p743,p727,p711,],7,3123.68,,p718,[p754,p743,p727,p711,],7,3123.68,718,718
p719,[p721,p712,p767,p710,],0,3124.5,,p719,[p721,p712,p767,p710,],0,3124.5,719,719
p720,[p754,p710,p711,p718,],0,3124.61,,p720,[p754,p710,p711,p718,],0,3124.61,720,720
p721,[p711,p767,p708,p743,],13,3123.69,,p721,[p711,p767,p708,p743,],13,3123.69,721,721
p722,[p767,p743,p727,p754,],0,3125.13,,p722,[p767,p743,p727,p754,],0,3125.13,722,722
p723,[p767,p727,p743,p739,],1,3123.94,,p723,[p767,p727,p743,p739,],1,3123.94,723,723
p724,[p711,p743,p727,p767,],2,3123.78,,p724,[p711,p743,p727,p767,],2,3123.78,724,724
p725,[p739,p711,p767,p727,],0,3123.75,,p725,[p739,p711,p767,p727,],0,3123.75,725,725
p726,[p767,p708,p711,p743,],13,3123.46,,p726,[p767,p708,p711,p743,],13,3123.46,726,726
p727,[p708,p743,p767,p711,],30,3123.86,,p727,[p708,p743,p767,p711,],30,3123.86,727,727
p728,[p739,p754,p727,p767,],0,3123.44,,p728,[p739,p754,p727,p767,],0,3123.44,728,728
p729,[p754,p743,p727,p711,],0,3124.82,,p729,[p754,p743,p727,p711,],0,3124.82,729,729
p730,[p718,p743,p711,p739,],0,3125.34,,p730,[p718,p743,p711,p739,],0,3125.34,730,730
p731,[p711,p743,p727,p739,],0,3121.35,,p731,[p711,p743,p727,p739,],0,3121.35,731,731
p732,[p754,p727,p767,p711,],0,3123.1,,p732,[p754,p727,p767,p711,],0,3123.1,732,732
p733,[p714,p726,p754,p718,],0,3126.08,,p733,[p714,p726,p754,p718,],0,3126.08,733,733
p734,[p767,p712,p721,p754,],0,3124.1,,p734,[p767,p712,p721,p754,],0,3124.1,734,734
p735,[p708,p727,p711,p767,],0,3122.78,,p735,[p708,p727,p711,p767,],0,3122.78,735,735
p736,[p754,p712,p711,p727,],0,3124.98,,p736,[p754,p712,p711,p727,],0,3124.98,736,736
p737,[p721,p708,p743,p712,],0,3122.13,,p737,[p721,p708,p743,p712,],0,3122.13,737,737
p738,[p711,p718,p716,p754,],0,3122.78,,p738,[p711,p718,p716,p754,],0,3122.78,738,738
p739,[p767,p711,p743,p708,],13,3123.3,,p739,[p767,p711,p743,p708,],13,3123.3,739,739
p740,[p712,p767,p727,p739,],0,3122.12,,p740,[p712,p767,p727,p739,],0,3122.12,740,740
p741,[p710,p712,p708,p726,],0,3122.29,,p741,[p710,p712,p708,p726,],0,3122.29,741,741
p742,[p739,p711,p726,p708,],0,3124.25,,p742,[p739,p711,p726,p708,],0,3124.25,742,742
p743,[p711,p767,p708,p727,],28,3123.55,,p743,[p711,p767,p708,p727,],28,3123.55,743,743
p744,[p718,p726,p754,p711,],0,3121.56,,p744,[p718,p726,p754,p711,],0,3121.56,744,744
p745,[p708,p739,p754,p726,],0,3123.28,,p745,[p708,p739,p754,p726,],0,3123.28,745,745
p746,[p724,p716,p718,p727,],0,3123.49,,p746,[p724,p716,p718,p727,],0,3123.49,746,746
p747,[p767,p727,p711,p708,],1,3123.09,,p747,[p767,p727,p711,p708,],1,3123.09,747,747
p748,[p727,p723,p743,p754,],0,3127.18,,p748,[p727,p723,p743,p754,],0,3127.18,748,748
p749,[p727,p708,p711,p767,],0,3124.16,,p749,[p727,p708,p711,p767,],0,3124.16,749,749
p750,[p726,p739,p716,p727,],0,3123.17,,p750,[p726,p739,p716,p727,],0,3123.17,750,750
p751,[p739,p711,p743,p708,],0,3123.13,,p751,[p739,p711,p743,p708,],0,3123.13,751,751
p752,[p727,p708,p721,p711,],0,3125.1,,p752,[p727,p708,p721,p711,],0,3125.1,752,752
p753,[p716,p710,p767,p727,],0,3124.46,,p753,[p716,p710,p767,p727,],0,3124.46,753,753
p754,[p711,p743,p767,p708,],23,3123.96,,p754,[p711,p743,p767,p708,],23,3123.96,754,754
p755,[p754,p708,p721,p767,],0,3125.08,,p755,[p754,p708,p721,p767,],0,3125.08,755,755
p756,[p754,p727,p743,p716,],0,3123.84,,p756,[p754,p727,p743,p716,],0,3123.84,756,756
p757,[p727,p767,p743,p708,],0,3125.14,,p757,[p727,p767,p743,p708,],0,3125.14,757,757
p758,[p712,p721,p716,p761,],0,3123.67,,p758,[p712,p721,p716,p761,],0,3123.67,758,758
p759,[p716,p764,p739,p712,],0,3124.69,,p759,[p716,p764,p739,p712,],0,3124.69,759,759
p760,[p711,p754,p743,p767,],0,3122.94,,p760,[p711,p754,p743,p767,],0,3122.94,760,760
p761,[p754,p711,p716,p767,],1,3123.12,,p761,[p754,p711,p716,p767,],1,3123.12,761,761
p762,[p721,p708,p726,p712,],0,3122.76,,p762,[p721,p708,p726,p712,],0,3122.76,762,762
p763,[p739,p712,p743,p754,],0,3121.96,,p763,[p739,p712,p743,p754,],0,3121.96,763,763
p764,[p727,p767,p743,p708,],1,3123.21,,p764,[p727,p767,p743,p708,],1,3123.21,764,764
p765,[p754,p711,p767,p716,],0,3124.5,,p765,[p754,p711,p767,p716,],0,3124.5,765,765
p766,[p727,p716,p721,p712,],0,3123.7,,p766,[p727,p716,p721,p712,],0,3123.7,766,766
p767,[p711,p743,p708,p727,],33,3123.63,,p767,[p711,p743,p708,p727,],33,3123.63,767,767
p768,[p820,p799,p818,p772,],0,3115.1,,p768,[p820,p799,p818,p772,],0,3115.1,768,768
p769,[p824,p772,p781,p813,],0,3115.49,,p769,[p824,p772,p781,p813,],0,3115.49,769,769
p770,[p816,p781,p772,p780,],0,3115.71,,p770,[p816,p781,p772,p780,],0,3115.71,770,770
p771,[p799,p795,p781,p813,],0,3114.7,,p771,[p799,p795,p781,p813,],0,3114.7,771,771
p772,[p813,p824,p781,p803,],26,3114.81,,p772,[p813,p824,p781,p803,],26,3114.81,772,772
p773,[p799,p785,p772,p830,],0,3114.83,,p773,[p799,p785,p772,p830,],0,3114.83,773,773
p774,[p820,p781,p813,p799,],0,3114.25,,p774,[p820,p781,p813,p799,],0,3114.25,774,774
p775,[p830,p818,p778,p824,],0,3114.54,,p775,[p830,p818,p778,p824,],0,3114.54,775,775
p776,[p799,p830,p820,p781,],0,3115.27,,p776,[p799,p830,p820,p781,],0,3115.27,776,776
p777,[p785,p824,p813,p784,],0,3113.19,,p777,[p785,p824,p813,p784,],0,3113.19,777,777
p778,[p813,p772,p824,p818,],5,3114.96,,p778,[p813,p772,p824,p818,],5,3114.96,778,778
p779,[p818,p803,p820,p778,],0,3115.55,,p779,[p818,p803,p820,p778,],0,3115.55,779,779
p780,[p772,p813,p799,p824,],3,3114.72,,p780,[p772,p813,p799,p824,],3,3114.72,780,780
p781,[p813,p824,p772,p803,],34,3114.91,,p781,[p813,p824,p772,p803,],34,3114.91,781,781
p782,[p813,p772,p781,p820,],2,3115.21,,p782,[p813,p772,p781,p820,],2,3115.21,782,782
p783,[p813,p805,p778,p824,],0,3114.38,,p783,[p813,p805,p778,p824,],0,3114.38,783,783
p784,[p781,p813,p824,p830,],3,3115,,p784,[p781,p813,p824,p830,],3,3115,784,784
p785,[p781,p803,p799,p818,],4,3114.93,,p785,[p781,p803,p799,p818,],4,3114.93,785,785
p786,[p785,p827,p799,p818,],0,3114.69,,p786,[p785,p827,p799,p818,],0,3114.69,786,786
p787,[p818,p824,p813,p830,],0,3115.35,,p787,[p818,p824,p813,p830,],0,3115.35,787,787
p788,[p818,p799,p772,p830,],0,3114.53,,p788,[p818,p799,p772,p830,],0,3114.53,788,788
p789,[p805,p820,p803,p778,],0,3115.68,,p789,[p805,p820,p803,p778,],0,3115.68,789,789
p790,[p772,p781,p813,p803,],0,3114.34,,p790,[p772,p781,p813,p803,],0,3114.34,790,790
p791,[p830,p799,p824,p813,],0,3113.47,,p791,[p830,p799,p824,p813,],0,3113.47,791,791
p792,[p781,p824,p820,p799,],0,3114.89,,p792,[p781,p824,p820,p799,],0,3114.89,792,792
p793,[p824,p830,p813,p781,],0,3114.89,,p793,[p824,p830,p813,p781,],0,3114.89,793,793
p794,[p799,p820,p824,p803,],0,3112.98,,p794,[p799,p820,p824,p803,],0,3112.98,794,794
p795,[p772,p781,p813,p799,],6,3115.34,,p795,[p772,p781,p813,p799,],6,3115.34,795,795
p796,[p805,p830,p820,p781,],0,3114.71,,p796,[p805,p830,p820,p781,],0,3114.71,796,796
p797,[p818,p781,p813,p824,],0,3116.44,,p797,[p818,p781,p813,p824,],0,3116.44,797,797
p798,[p780,p803,p827,p830,],0,3115.74,,p798,[p780,p803,p827,p830,],0,3115.74,798,798
p799,[p781,p824,p813,p772,],22,3114.48,,p799,[p781,p824,p813,p772,],22,3114.48,799,799
p800,[p799,p781,p824,p830,],0,3114.08,,p800,[p799,p781,p824,p830,],0,3114.08,800,800
p801,[p824,p803,p813,p799,],0,3115.2,,p801,[p824,p803,p813,p799,],0,3115.2,801,801
p802,[p781,p799,p784,p772,],0,3114.49,,p802,[p781,p799,p784,p772,],0,3114.49,802,802
p803,[p824,p813,p772,p781,],23,3114.48,,p803,[p824,p813,p772,p781,],23,3114.48,803,803
p804,[p824,p813,p803,p781,],0,3115.03,,p804,[p824,p813,p803,p781,],0,3115.03,804,804
p805,[p803,p772,p813,p781,],5,3114.78,,p805,[p803,p772,p813,p781,],5,3114.78,805,805
p806,[p824,p785,p820,p803,],0,3114.83,,p806,[p824,p785,p820,p803,],0,3114.83,806,806
p807,[p781,p813,p824,p818,],0,3115.29,,p807,[p781,p813,p824,p818,],0,3115.29,807,807
p808,[p772,p795,p781,p813,],0,3114.12,,p808,[p772,p795,p781,p813,],0,3114.12,808,808
p809,[p772,p782,p803,p818,],0,3114.21,,p809,[p772,p782,p803,p818,],0,3114.21,809,809
p810,[p818,p781,p824,p813,],0,3115.64,,p810,[p818,p781,p824,p813,],0,3115.64,810,810
p811,[p782,p795,p813,p820,],0,3115.49,,p811,[p782,p795,p813,p820,],0,3115.49,811,811
p812,[p827,p795,p784,p824,],0,3115.94,,p812,[p827,p795,p784,p824,],0,3115.94,812,812
p813,[p824,p781,p772,p803,],36,3114.79,,p813,[p824,p781,p772,p803,],36,3114.79,813,813
p814,[p820,p818,p830,p803,],0,3114.53,,p814,[p820,p818,p830,p803,],0,3114.53,814,814
p815,[p813,p795,p803,p824,],0,3115.19,,p815,[p813,p795,p803,p824,],0,3115.19,815,815
p816,[p781,p820,p799,p772,],1,3115.03,,p816,[p781,p820,p799,p772,],1,3115.03,816,816
p817,[p820,p799,p805,p803,],0,3117.05,,p817,[p820,p799,p805,p803,],0,3117.05,817,817
p818,[p772,p781,p813,p824,],16,3115.22,,p818,[p772,p781,p813,p824,],16,3115.22,818,818
p819,[p827,p805,p818,p820,],0,3113.99,,p819,[p827,p805,p818,p820,],0,3113.99,819,819
p820,[p813,p824,p803,p781,],15,3114.83,,p820,[p813,p824,p803,p781,],15,3114.83,820,820
p821,[p803,p830,p824,p799,],0,3112.57,,p821,[p803,p830,p824,p799,],0,3112.57,821,821
p822,[p799,p781,p803,p813,],0,3114.64,,p822,[p799,p781,p803,p813,],0,3114.64,822,822
p823,[p824,p818,p813,p830,],0,3113.85,,p823,[p824,p818,p813,p830,],0,3113.85,823,823
p824,[p813,p781,p803,p772,],35,3114.53,,p824,[p813,p781,p803,p772,],35,3114.53,824,824
p825,[p799,p772,p824,p813,],0,3113.42,,p825,[p799,p772,p824,p813,],0,3113.42,825,825
p826,[p813,p772,p824,p781,],0,3114.55,,p826,[p813,p772,p824,p781,],0,3114.55,826,826
p827,[p772,p813,p824,p803,],4,3115.24,,p827,[p772,p813,p824,p803,],4,3115.24,827,827
p828,[p780,p772,p795,p830,],0,3115.04,,p828,[p780,p772,p795,p830,],0,3115.04,828,828
p829,[p818,p778,p772,p781,],0,3114.06,,p829,[p818,p778,p772,p781,],0,3114.06,829,829
p830,[p824,p781,p813,p803,],16,3114.35,,p830,[p824,p781,p813,p803,],16,3114.35,830,830
p831,[p799,p824,p830,p781,],0,3114.74,,p831,[p799,p824,p830,p781,],0,3114.74,831,831
p832,[p862,p893,p844,p874,],0,3084.5,,p832,[p862,p893,p844,p874,],0,3084.5,832,832
p833,[p840,p838,p844,p862,],0,3083.36,,p833,[p840,p838,p844,p862,],0,3083.36,833,833
p834,[p844,p837,p877,p838,],0,3082.79,,p834,[p844,p837,p877,p838,],0,3082.79,834,834
p835,[p840,p883,p859,p844,],0,3083.7,,p835,[p840,p883,p859,p844,],0,3083.7,835,835
p836,[p867,p844,p874,p883,],0,3083.5,,p836,[p867,p844,p874,p883,],0,3083.5,836,836
p837,[p883,p844,p862,p840,],40,3082.77,,p837,[p883,p844,p862,p840,],40,3082.77,837,837
p838,[p844,p883,p837,p840,],5,3083.34,,p838,[p844,p883,p837,p840,],5,3083.34,838,838
p839,[p893,p859,p883,p862,],0,3082.55,,p839,[p893,p859,p883,p862,],0,3082.55,839,839
p840,[p844,p837,p883,p864,],21,3083.09,,p840,[p844,p837,p883,p864,],21,3083.09,840,840
p841,[p894,p840,p858,p863,],0,3083.22,,p841,[p894,p840,p858,p863,],0,3083.22,841,841
p842,[p837,p874,p844,p883,],0,3083.38,,p842,[p837,p874,p844,p883,],0,3083.38,842,842
p843,[p874,p877,p840,p862,],0,3085.44,,p843,[p874,p877,p840,p862,],0,3085.44,843,843
p844,[p883,p837,p862,p840,],45,3083.27,,p844,[p883,p837,p862,p840,],45,3083.27,844,844
p845,[p883,p844,p837,p859,],1,3083.34,,p845,[p883,p844,p837,p859,],1,3083.34,845,845
p846,[p894,p837,p883,p874,],0,3082.19,,p846,[p894,p837,p883,p874,],0,3082.19,846,846
p847,[p864,p844,p859,p883,],0,3083.34,,p847,[p864,p844,p859,p883,],0,3083.34,847,847
p848,[p844,p864,p874,p840,],0,3084.22,,p848,[p844,p864,p874,p840,],0,3084.22,848,848
p849,[p837,p844,p883,p862,],2,3082.45,,p849,[p837,p844,p883,p862,],2,3082.45,849,849
p850,[p883,p844,p837,p840,],0,3083.12,,p850,[p883,p844,p837,p840,],0,3083.12,850,850
p851,[p840,p883,p837,p893,],0,3083.88,,p851,[p840,p883,p837,p893,],0,3083.88,851,851
p852,[p883,p837,p844,p864,],0,3083.09,,p852,[p883,p837,p844,p864,],0,3083.09,852,852
p853,[p837,p844,p883,p838,],3,3083.02,,p853,[p837,p844,p883,p838,],3,3083.02,853,853
p854,[p859,p844,p883,p837,],1,3083.52,,p854,[p859,p844,p883,p837,],1,3083.52,854,854
p855,[p893,p845,p883,p837,],0,3080.33,,p855,[p893,p845,p883,p837,],0,3080.33,855,855
p856,[p862,p844,p864,p893,],0,3082.27,,p856,[p862,p844,p864,p893,],0,3082.27,856,856
p857,[p877,p894,p883,p837,],0,3085.88,,p857,[p877,p894,p883,p837,],0,3085.88,857,857
p858,[p844,p837,p862,p883,],8,3082.54,,p858,[p844,p837,p862,p883,],8,3082.54,858,858
p859,[p844,p883,p837,p862,],8,3083.39,,p859,[p844,p883,p837,p862,],8,3083.39,859,859
p860,[p883,p837,p844,p838,],0,3083.14,,p860,[p883,p837,p844,p838,],0,3083.14,860,860
p861,[p883,p844,p837,p862,],0,3083.6,,p861,[p883,p844,p837,p862,],0,3083.6,861,861
p862,[p844,p883,p837,p864,],28,3083.01,,p862,[p844,p883,p837,p864,],28,3083.01,862,862
p863,[p844,p883,p837,p862,],2,3083.51,,p863,[p844,p883,p837,p862,],2,3083.51,863,863
p864,[p837,p844,p883,p862,],12,3083.09,,p864,[p837,p844,p883,p862,],12,3083.09,864,864
p865,[p844,p837,p858,p877,],0,3082.63,,p865,[p844,p837,p858,p877,],0,3082.63,865,865
p866,[p837,p883,p862,p853,],0,3083.04,,p866,[p837,p883,p862,p853,],0,3083.04,866,866
p867,[p844,p837,p883,p862,],1,3083.11,,p867,[p844,p837,p883,p862,],1,3083.11,867,867
p868,[p862,p844,p840,p883,],0,3082.81,,p868,[p862,p844,p840,p883,],0,3082.81,868,868
p869,[p883,p844,p862,p837,],0,3082.94,,p869,[p883,p844,p862,p837,],0,3082.94,869,869
p870,[p859,p853,p858,p844,],0,3081.9,,p870,[p859,p853,p858,p844,],0,3081.9,870,870
p871,[p858,p840,p849,p837,],0,3081.32,,p871,[p858,p840,p849,p837,],0,3081.32,871,871
p872,[p864,p840,p894,p883,],0,3083.3,,p872,[p864,p840,p894,p883,],0,3083.3,872,872
p873,[p894,p862,p883,p840,],0,3084.52,,p873,[p894,p862,p883,p840,],0,3084.52,873,873
p874,[p844,p883,p837,p862,],9,3083.13,,p874,[p844,p883,p837,p862,],9,3083.13,874,874
p875,[p840,p883,p853,p844,],0,3082.47,,p875,[p840,p883,p853,p844,],0,3082.47,875,875
p876,[p854,p877,p883,p837,],0,3082.15,,p876,[p854,p877,p883,p837,],0,3082.15,876,876
p877,[p883,p837,p844,p840,],7,3083.26,,p877,[p883,p837,p844,p840,],7,3083.26,877,877
p878,[p840,p874,p864,p883,],0,3083.25,,p878,[p840,p874,p864,p883,],0,3083.25,878,878
p879,[p840,p883,p837,p844,],0,3083.54,,p879,[p840,p883,p837,p844,],0,3083.54,879,879
p880,[p844,p877,p837,p893,],0,3082.8,,p880,[p844,p877,p837,p893,],0,3082.8,880,880
p881,[p858,p874,p862,p864,],0,3083.33,,p881,[p858,p874,p862,p864,],0,3083.33,881,881
p882,[p877,p838,p849,p858,],0,3083.13,,p882,[p877,p838,p849,p858,],0,3083.13,882,882
p883,[p837,p844,p862,p840,],47,3083.02,,p883,[p837,p844,p862,p840,],47,3083.02,883,883
p884,[p837,p883,p863,p890,],0,3083.43,,p884,[p837,p883,p863,p890,],0,3083.43,884,884
p885,[p883,p837,p844,p893,],0,3083.35,,p885,[p883,p837,p844,p893,],0,3083.35,885,885
p886,[p893,p883,p894,p859,],0,3082.59,,p886,[p893,p883,p894,p859,],0,3082.59,886,886
p887,[p883,p862,p837,p844,],0,3082.67,,p887,[p883,p862,p837,p844,],0,3082.67,887,887
p888,[p862,p844,p840,p864,],0,3083.93,,p888,[p862,p844,p840,p864,],0,3083.93,888,888
p889,[p844,p858,p837,p864,],0,3083.81,,p889,[p844,p858,p837,p864,],0,3083.81,889,889
p890,[p862,p844,p883,p837,],1,3082.95,,p890,[p862,p844,p883,p837,],1,3082.95,890,890
p891,[p844,p874,p883,p862,],0,3083.38,,p891,[p844,p874,p883,p862,],0,3083.38,891,891
p892,[p862,p864,p858,p859,],0,3082.68,,p892,[p862,p864,p858,p859,],0,3082.68,892,892
p893,[p844,p883,p837,p862,],9,3083.1,,p893,[p844,p883,p837,p862,],9,3083.1,893,893
p894,[p883,p862,p844,p837,],6,3083.63,,p894,[p883,p862,p844,p837,],6,3083.63,894,894
p895,[p844,p840,p893,p883,],0,3082.67,,p895,[p844,p840,p893,p883,],0,3082.67,895,895
p896,[p928,p932,p904,p956,],0,3112.09,,p896,[p928,p932,p904,p956,],0,3112.09,896,896
p897,[p915,p936,p942,p959,],0,3111.63,,p897,[p915,p936,p942,p959,],0,3111.63,897,897
p898,[p904,p924,p906,p915,],0,3110.79,,p898,[p904,p924,p906,p915,],0,3110.79,898,898
p899,[p924,p906,p920,p942,],0,3111.1,,p899,[p924,p906,p920,p942,],0,3111.1,899,899
p900,[p932,p927,p904,p936,],0,3110.78,,p900,[p932,p927,p904,p936,],0,3110.78,900,900
p901,[p904,p936,p906,p915,],0,3111.5,,p901,[p904,p936,p906,p915,],0,3111.5,901,901
p902,[p956,p915,p906,p936,],1,3111.61,,p902,[p956,p915,p906,p936,],1,3111.61,902,902
p903,[p906,p924,p915,p936,],0,3112.05,,p903,[p906,p924,p915,p936,],0,3112.05,903,903
p904,[p932,p936,p915,p924,],20,3110.97,,p904,[p932,p936,p915,p924,],20,3110.97,904,904
p905,[p924,p953,p956,p936,],0,3112.19,,p905,[p924,p953,p956,p936,],0,3112.19,905,905
p906,[p924,p936,p915,p932,],32,3111.6,,p906,[p924,p936,p915,p932,],32,3111.6,906,906
p907,[p915,p924,p906,p959,],0,3111.58,,p907,[p915,p924,p906,p959,],0,3111.58,907,907
p908,[p913,p943,p932,p936,],0,3111.68,,p908,[p913,p943,p932,p936,],0,3111.68,908,908
p909,[p957,p904,p936,p906,],0,3113.06,,p909,[p957,p904,p936,p906,],0,3113.06,909,909
p910,[p915,p932,p904,p943,],0,3111.69,,p910,[p915,p932,p904,p943,],0,3111.69,910,910
p911,[p915,p904,p924,p932,],1,3110.98,,p911,[p915,p904,p924,p932,],1,3110.98,911,911
p912,[p913,p920,p902,p904,],0,3111.45,,p912,[p913,p920,p902,p904,],0,3111.45,912,912
p913,[p924,p936,p932,p915,],11,3111.61,,p913,[p924,p936,p932,p915,],11,3111.61,913,913
p914,[p959,p924,p936,p913,],0,3111.45,,p914,[p959,p924,p936,p913,],0,3111.45,914,914
p915,[p936,p924,p932,p906,],36,3111.16,,p915,[p936,p924,p932,p906,],36,3111.16,915,915
p916,[p936,p926,p906,p959,],0,3112.81,,p916,[p936,p926,p906,p959,],0,3112.81,916,916
p917,[p924,p936,p906,p926,],0,3111.72,,p917,[p924,p936,p906,p926,],0,3111.72,917,917
p918,[p936,p906,p915,p924,],0,3112.54,,p918,[p936,p906,p915,p924,],0,3112.54,918,918
p919,[p924,p915,p936,p906,],2,3111.55,,p919,[p924,p915,p936,p906,],2,3111.55,919,919
p920,[p906,p924,p936,p915,],4,3111.56,,p920,[p906,p924,p936,p915,],4,3111.56,920,920
p921,[p913,p906,p915,p927,],0,3112.16,,p921,[p913,p906,p915,p927,],0,3112.16,921,921
p922,[p904,p924,p932,p911,],0,3112.76,,p922,[p904,p924,p932,p911,],0,3112.76,922,922
p923,[p919,p956,p932,p913,],0,3112.41,,p923,[p919,p956,p932,p913,],0,3112.41,923,923
p924,[p936,p915,p932,p906,],33,3111.49,,p924,[p936,p915,p932,p906,],33,3111.49,924,924
p925,[p906,p915,p904,p924,],0,3112.04,,p925,[p906,p915,p904,p924,],0,3112.04,925,925
p926,[p936,p906,p932,p915,],8,3111.42,,p926,[p936,p906,p932,p915,],8,3111.42,926,926
p927,[p959,p915,p906,p956,],2,3110.99,,p927,[p959,p915,p906,p956,],2,3110.99,927,927
p928,[p936,p915,p924,p959,],1,3112.16,,p928,[p936,p915,p924,p959,],1,3112.16,928,928
p929,[p953,p939,p926,p920,],0,3113.36,,p929,[p953,p939,p926,p920,],0,3113.36,929,929
p930,[p959,p926,p906,p932,],0,3111.17,,p930,[p959,p926,p906,p932,],0,3111.17,930,930
p931,[p904,p953,p932,p906,],0,3111.85,,p931,[p904,p953,p932,p906,],0,3111.85,931,931
p932,[p936,p915,p924,p904,],28,3111.21,,p932,[p936,p915,p924,p904,],28,3111.21,932,932
p933,[p953,p919,p906,p904,],0,3112,,p933,[p953,p919,p906,p904,],0,3112,933,933
p934,[p913,p915,p904,p932,],0,3109.92,,p934,[p913,p915,p904,p932,],0,3109.92,934,934
p935,[p959,p924,p936,p932,],0,3111.85,,p935,[p959,p924,p936,p932,],0,3111.85,935,935
p936,[p915,p924,p932,p906,],43,3111.26,,p936,[p915,p924,p932,p906,],43,3111.26,936,936
p937,[p924,p956,p936,p915,],0,3111.82,,p937,[p924,p956,p936,p915,],0,3111.82,937,937
p938,[p906,p904,p956,p936,],0,3112.11,,p938,[p906,p904,p956,p936,],0,3112.11,938,938
p939,[p906,p915,p956,p936,],1,3111.75,,p939,[p906,p915,p956,p936,],1,3111.75,939,939
p940,[p926,p936,p932,p906,],0,3113.16,,p940,[p926,p936,p932,p906,],0,3113.16,940,940
p941,[p924,p932,p915,p920,],0,3113.16,,p941,[p924,p932,p915,p920,],0,3113.16,941,941
p942,[p924,p936,p906,p915,],2,3111.51,,p942,[p924,p936,p906,p915,],2,3111.51,942,942
p943,[p924,p932,p915,p936,],2,3111.79,,p943,[p924,p932,p915,p936,],2,3111.79,943,943
p944,[p959,p915,p924,p936,],0,3111.29,,p944,[p959,p915,p924,p936,],0,3111.29,944,944
p945,[p906,p936,p915,p926,],0,3112.99,,p945,[p906,p936,p915,p926,],0,3112.99,945,945
p946,[p936,p924,p906,p956,],0,3112.06,,p946,[p936,p924,p906,p956,],0,3112.06,946,946
p947,[p932,p915,p936,p904,],0,3110.89,,p947,[p932,p915,p936,p904,],0,3110.89,947,947
p948,[p936,p959,p915,p924,],0,3111.52,,p948,[p936,p959,p915,p924,],0,3111.52,948,948
p949,[p932,p959,p936,p913,],0,3112.53,,p949,[p932,p959,p936,p913,],0,3112.53,949,949
p950,[p959,p924,p926,p936,],0,3111.41,,p950,[p959,p924,p926,p936,],0,3111.41,950,950
p951,[p904,p932,p906,p959,],0,3111.49,,p951,[p904,p932,p906,p959,],0,3111.49,951,951
p952,[p906,p926,p936,p913,],0,3110.68,,p952,[p906,p926,p936,p913,],0,3110.68,952,952
p953,[p906,p915,p924,p936,],5,3111.4,,p953,[p906,p915,p924,p936,],5,3111.4,953,953
p954,[p959,p913,p904,p924,],0,3112,,p954,[p959,p913,p904,p924,],0,3112,954,954
p955,[p953,p915,p936,p913,],0,3112.21,,p955,[p953,p915,p936,p913,],0,3112.21,955,955
p956,[p924,p936,p932,p906,],9,3111.3,,p956,[p924,p936,p932,p906,],9,3111.3,956,956
p957,[p913,p904,p936,p932,],1,3112.68,,p957,[p913,p904,p936,p932,],1,3112.68,957,957
p958,[p932,p936,p915,p904,],0,3111.47,,p958,[p932,p936,p915,p904,],0,3111.47,958,958
p959,[p915,p936,p924,p932,],14,3111.29,,p959,[p915,p936,p924,p932,],14,3111.29,959,959
p960,[p987,p1014,p992,p1019,],0,3180.81,,p960,[p987,p1014,p992,p1019,],0,3180.81,960,960
p961,[p992,p995,p971,p988,],7,3179.72,,p961,[p992,p995,p971,p988,],7,3179.72,961,961
p962,[p1013,p1005,p988,p1023,],0,3179.61,,p962,[p1013,p1005,p988,p1023,],0,3179.61,962,962
p963,[p1019,p1014,p1005,p992,],0,3179.96,,p963,[p1019,p1014,p1005,p992,],0,3179.96,963,963
p964,[p1019,p992,p995,p988,],2,3179.93,,p964,[p1019,p992,p995,p988,],2,3179.93,964,964
p965,[p1006,p961,p1023,p1013,],0,3177.75,,p965,[p1006,p961,p1023,p1013,],0,3177.75,965,965
p966,[p1023,p1003,p1013,p992,],0,3180.44,,p966,[p1023,p1003,p1013,p992,],0,3180.44,966,966
p967,[p1018,p995,p992,p1023,],0,3179.72,,p967,[p1018,p995,p992,p1023,],0,3179.72,967,967
p968,[p1002,p992,p995,p971,],0,3179.93,,p968,[p1002,p992,p995,p971,],0,3179.93,968,968
p969,[p1005,p1014,p1013,p995,],0,3180.75,,p969,[p1005,p1014,p1013,p995,],0,3180.75,969,969
p970,[p1013,p988,p1019,p1023,],0,3179.88,,p970,[p1013,p988,p1019,p1023,],0,3179.88,970,970
p971,[p992,p995,p1023,p1016,],24,3179.96,,p971,[p992,p995,p1023,p1016,],24,3179.96,971,971
p972,[p1016,p988,p1005,p1014,],0,3179.69,,p972,[p1016,p988,p1005,p1014,],0,3179.69,972,972
p973,[p1016,p1014,p971,p961,],0,3178.98,,p973,[p1016,p1014,p971,p961,],0,3178.98,973,973
p974,[p1019,p1000,p988,p1005,],0,3179.89,,p974,[p1019,p1000,p988,p1005,],0,3179.89,974,974
p975,[p1005,p1016,p993,p995,],0,3179.3,,p975,[p1005,p1016,p993,p995,],0,3179.3,975,975
p976,[p971,p1023,p992,p995,],1,3180.48,,p976,[p971,p1023,p992,p995,],1,3180.48,976,976
p977,[p987,p993,p1003,p961,],0,3179.03,,p977,[p987,p993,p1003,p961,],0,3179.03,977,977
p978,[p992,p988,p995,p1023,],0,3179.91,,p978,[p992,p988,p995,p1023,],0,3179.91,978,978
p979,[p992,p1005,p995,p1014,],2,3179.5,,p979,[p992,p1005,p995,p1014,],2,3179.5,979,979
p980,[p1005,p1023,p1013,p995,],0,3179.57,,p980,[p1005,p1023,p1013,p995,],0,3179.57,980,980
p981,[p1003,p995,p1000,p994,],0,3180.92,,p981,[p1003,p995,p1000,p994,],0,3180.92,981,981
p982,[p1023,p992,p995,p1005,],0,3179.96,,p982,[p1023,p992,p995,p1005,],0,3179.96,982,982
p983,[p1003,p1018,p988,p1002,],0,3178.71,,p983,[p1003,p1018,p988,p1002,],0,3178.71,983,983
p984,[p988,p1016,p971,p961,],0,3179.13,,p984,[p988,p1016,p971,p961,],0,3179.13,984,984
p985,[p995,p1005,p1023,p992,],2,3179.97,,p985,[p995,p1005,p1023,p992,],2,3179.97,985,985
p986,[p1016,p992,p979,p1005,],0,3179.05,,p986,[p1016,p992,p979,p1005,],0,3179.05,986,986
p987,[p971,p992,p995,p1006,],4,3180.15,,p987,[p971,p992,p995,p1006,],4,3180.15,987,987
p988,[p992,p1023,p995,p1016,],18,3179.74,,p988,[p992,p1023,p995,p1016,],18,3179.74,988,988
p989,[p961,p964,p1003,p995,],0,3180.75,,p989,[p961,p964,p1003,p995,],0,3180.75,989,989
p990,[p1014,p1023,p1005,p1013,],0,3180.76,,p990,[p1014,p1023,p1005,p1013,],0,3180.76,990,990
p991,[p1023,p1005,p992,p995,],0,3180.13,,p991,[p1023,p1005,p992,p995,],0,3180.13,991,991
p992,[p995,p1023,p971,p1016,],39,3179.81,,p992,[p995,p1023,p971,p1016,],39,3179.81,992,992
p993,[p1016,p992,p971,p1023,],2,3180.09,,p993,[p1016,p992,p971,p1023,],2,3180.09,993,993
p994,[p1023,p1006,p1016,p992,],1,3179.98,,p994,[p1023,p1006,p1016,p992,],1,3179.98,994,994
p995,[p992,p1023,p1016,p971,],36,3179.75,,p995,[p992,p1023,p1016,p971,],36,3179.75,995,995
p996,[p961,p971,p1016,p992,],0,3178.22,,p996,[p961,p971,p1016,p992,],0,3178.22,996,996
p997,[p995,p1023,p971,p992,],0,3179.9,,p997,[p995,p1023,p971,p992,],0,3179.9,997,997
p998,[p1005,p1013,p995,p971,],0,3179.91,,p998,[p1005,p1013,p995,p971,],0,3179.91,998,998
p999,[p988,p1003,p992,p1014,],0,3180.49,,p999,[p988,p1003,p992,p1014,],0,3180.49,999,999
p1000,[p995,p992,p988,p1023,],2,3179.87,,p1000,[p995,p992,p988,p1023,],2,3179.87,1000,1000
p1001,[p995,p971,p1016,p992,],0,3179.73,,p1001,[p995,p971,p1016,p992,],0,3179.73,1001,1001
p1002,[p1023,p992,p995,p971,],4,3179.42,,p1002,[p1023,p992,p995,p971,],4,3179.42,1002,1002
p1003,[p992,p1023,p988,p995,],10,3180.17,,p1003,[p992,p1023,p988,p995,],10,3180.17,1003,1003
p1004,[p995,p988,p971,p1023,],0,3179.34,,p1004,[p995,p988,p971,p1023,],0,3179.34,1004,1004
p1005,[p992,p995,p971,p1016,],15,3179.84,,p1005,[p992,p995,p971,p1016,],15,3179.84,1005,1005
p1006,[p1023,p995,p992,p971,],4,3179.73,,p1006,[p1023,p995,p992,p971,],4,3179.73,1006,1006
p1007,[p1002,p1023,p1016,p1014,],0,3179.34,,p1007,[p1002,p1023,p1016,p1014,],0,3179.34,1007,1007
p1008,[p1014,p971,p987,p1003,],0,3182.5,,p1008,[p1014,p971,p987,p1003,],0,3182.5,1008,1008
p1009,[p995,p1002,p985,p992,],0,3179.37,,p1009,[p995,p1002,p985,p992,],0,3179.37,1009,1009
p1010,[p976,p1018,p1019,p1006,],0,3178.57,,p1010,[p976,p1018,p1019,p1006,],0,3178.57,1010,1010
p1011,[p961,p1014,p1016,p1003,],0,3177.9,,p1011,[p961,p1014,p1016,p1003,],0,3177.9,1011,1011
p1012,[p1013,p1023,p988,p992,],0,3179.22,,p1012,[p1013,p1023,p988,p992,],0,3179.22,1012,1012
p1013,[p988,p1023,p1016,p971,],10,3179.95,,p1013,[p988,p1023,p1016,p971,],10,3179.95,1013,1013
p1014,[p1005,p992,p995,p971,],12,3180.21,,p1014,[p1005,p992,p995,p971,],12,3180.21,1014,1014
p1015,[p985,p1019,p987,p964,],0,3181.23,,p1015,[p985,p1019,p987,p964,],0,3181.23,1015,1015
p1016,[p992,p995,p1023,p971,],17,3179.66,,p1016,[p992,p995,p1023,p971,],17,3179.66,1016,1016
p1017,[p988,p1003,p979,p1023,],0,3180.19,,p1017,[p988,p1003,p979,p1023,],0,3180.19,1017,1017
p1018,[p992,p971,p1023,p995,],3,3179.86,,p1018,[p992,p971,p1023,p995,],3,3179.86,1018,1018
p1019,[p995,p992,p1023,p988,],7,3179.85,,p1019,[p995,p992,p1023,p988,],7,3179.85,1019,1019
p1020,[p1023,p1003,p992,p995,],0,3183.58,,p1020,[p1023,p1003,p992,p995,],0,3183.58,1020,1020
p1021,[p1013,p1023,p992,p995,],0,3179.98,,p1021,[p1013,p1023,p992,p995,],0,3179.98,1021,1021
p1022,[p971,p1014,p1023,p992,],0,3180.02,,p1022,[p971,p1014,p1023,p992,],0,3180.02,1022,1022
p1023,[p992,p995,p988,p971,],34,3179.72,,p1023,[p992,p995,p988,p971,],34,3179.72,1023,1023
