Id,x0,x1,clasterId,pointType,#dist,
p1984,21.727,71.013,1,0,33242
p1978,32.783,69.609,1,0,33243
p2026,17.618,76.707,1,0,33244
p2021,24.719,76.158,1,0,33231
p2038,22.438,77.946,1,1,33233
p2019,29.382,76.012,1,1,33232
p1966,47.035,68.538,2,0,33216
p2053,23.927,80.504,1,1,33204
p2007,40.033,74.325,1,0,33203
p2031,35.155,77.012,1,0,33200
p2056,28.05,80.915,1,1,125
p2059,28.819,81.143,1,1,136
p1995,48.953,71.91,2,0,150
p1971,54.094,68.93,2,0,185
p2064,38.135,81.592,1,0,150
p2016,50.613,75.772,2,1,115
p2120,21.191,90.175,1,1,166
p2111,26.029,89.203,1,1,155
p2000,58.985,72.888,2,1,125
p2043,50.868,78.939,2,1,112
p2086,41.348,84.674,1,0,174
p2027,54.673,76.753,2,1,102
p2037,55.245,77.925,2,1,104
p2083,45.832,84.49,2,0,161
p2028,60.474,76.761,2,1,116
p2176,18.619,96.615,1,0,277
p2087,51.149,85.005,2,0,172
p2023,64.69,76.368,2,0,150
p2159,34.828,94.239,1,1,165
p2020,65.628,76.131,2,0,163
p2171,32.332,96.076,1,1,231
p2177,30.025,97.059,1,1,187
p2047,68.587,79.172,2,1,187
p2018,73.408,75.876,2,0,219
p2173,45.044,96.237,1,0,239
p2210,31.865,101.905,1,1,240
p2114,59.543,89.465,2,0,244
p1983,81.168,70.878,2,0,264
p2100,65.152,87.445,2,0,218
p2219,38.412,102.886,1,1,194
p2095,67.625,86.571,2,1,217
p2230,36.662,104.369,1,1,198
p2257,14.943,109.986,1,0,451
p2232,39.133,104.498,1,1,188
p2061,77.37,81.326,2,0,164
p2125,67.907,90.611,2,0,200
p2084,75.458,84.596,2,1,156
p2066,79.447,81.78,2,1,202
p2109,71.383,88.961,2,1,186
p2274,20.122,112.335,1,0,398
p1979,90.353,69.805,2,0,335
p2119,70.26,90.168,2,1,186
p2273,33.276,112.226,1,0,275
p2268,37.275,111.523,1,0,310
p2263,42.772,110.768,1,1,240
p2209,61.133,101.851,2,0,230
p2183,67.156,98.011,2,1,189
p2048,89.968,79.221,2,0,212
p2045,90.211,79.071,2,0,212
p2216,62.701,102.641,2,0,229
p2276,44.408,112.495,1,0,319
p2069,89.099,82.281,2,1,210
p2140,81.736,91.847,2,1,184
p2139,84.65,91.606,2,0,193
p2267,57.366,110.88,1,0,305
p2213,71.598,102.415,2,1,216
p2197,73.978,100.794,2,1,194
p2127,88.006,90.715,2,1,184
p2279,56.858,113.207,1,0,337
p2102,91.613,87.869,2,1,173
p2017,102.179,75.819,2,0,223
p2189,80.47,99.037,2,0,217
p2181,83.275,97.813,2,1,193
p2117,92.804,89.609,2,1,186
p2239,74.73,105.853,2,0,273
p2067,100.859,81.948,2,1,184
p2261,69.485,110.585,2,0,256
p2105,96.868,88.464,2,1,195
p1972,113.246,69.092,2,0,227
p2098,100.566,87.184,2,1,183
p2065,105.994,81.689,2,1,180
p1980,115.059,70.588,2,0,237
p2050,109.145,79.592,2,1,191
p2223,88.192,103.002,2,0,211
p1975,116.821,69.283,2,0,238
p2074,107.399,83.517,2,0,203
p2166,99.083,95.623,2,1,174
p2042,113.973,78.928,2,1,236
p1970,121.143,68.878,2,0,241
p2227,93.934,103.76,2,0,238
p2085,112.016,84.655,2,0,288
p2241,92.035,106.078,2,0,306
p1990,121.669,71.339,2,1,231
p2217,98.283,102.789,2,1,229
p2236,95.38,105.52,2,1,286
p2142,108.697,92.295,2,0,284
p2191,103.745,99.497,2,1,353
p1964,126.801,68.228,2,0,367
p728,37.458,140.053,-1,-1,495
p2212,102.728,102.351,2,1,321
p751,32.099,143.035,4,0,574
p718,50.861,138.893,3,0,322
p722,49.89,139.351,3,0,321
p733,47.454,140.403,3,0,321
p2013,129.035,75.443,2,1,386
p2003,130.284,73.427,2,0,355
p780,27.887,146.941,4,0,486
p731,53.696,140.333,3,0,269
p1969,133.637,68.782,2,0,410
p2131,119.989,91.217,2,0,365
p1997,132.484,72.435,2,0,396
p2082,125.307,84.468,2,0,419
p2282,99.84,113.858,2,0,530
p716,61.427,138.457,3,1,292
p809,22.172,150.049,4,0,510
p2253,107.594,109.229,2,0,443
p2255,107.186,109.662,2,0,465
p790,40.381,148.068,3,0,521
p2103,125.958,88.053,2,0,421
p823,24.271,152.193,4,0,416
p2147,123.146,92.857,2,0,443
p2077,130.003,83.758,2,1,336
p2195,118.059,100.328,2,1,389
p745,62.999,141.875,3,1,275
p812,39.912,150.513,4,0,525
p714,71.813,138.206,3,0,529
p765,57.351,144.958,3,1,286
p842,19.034,154.732,4,0,524
p741,67.96,141.335,3,0,371
p2269,110.56,111.854,2,0,523
p773,58.445,146.64,3,1,335
p799,56.551,148.808,3,1,427
p791,60.351,148.181,3,1,372
p2169,128.415,95.79,2,1,426
p755,70.308,144.133,3,1,406
p786,63.973,147.393,3,1,262
p2190,127.306,99.195,2,1,424
p2237,122.636,105.828,2,0,453
p813,59.9,150.54,3,0,456
p876,23.197,160.374,4,1,393
p2035,142.261,77.667,2,1,417
p2271,117.429,112.038,2,0,609
p1991,145.722,71.481,2,0,509
p759,75.993,144.485,3,0,484
p2108,137.036,88.84,2,1,410
p2075,140.64,83.611,2,1,386
p2096,139.114,86.722,2,1,333
p2004,146.881,73.517,2,0,564
p895,19.915,163.184,4,0,452
p897,20.411,163.543,4,1,441
p2115,138.531,89.481,2,1,380
p712,94.842,135.204,3,0,755
p891,31.56,162.172,4,1,413
p2101,140.329,87.487,2,1,346
p2246,126.396,107.061,2,1,390
p725,90.066,139.88,3,0,671
p2259,124.427,110.471,2,0,532
p899,30.176,163.656,4,1,373
p2264,124.332,110.81,2,0,522
p832,66.712,153.17,3,1,362
p1987,152.262,71.197,2,0,741
p2012,150.483,75.369,2,0,523
p2220,134.135,102.904,2,0,453
p828,72.448,153.101,3,1,408
p908,36.666,165.398,4,0,404
p2124,143.856,90.406,2,1,245
p2022,151.859,76.227,2,0,536
p2135,143.313,91.353,2,1,322
p931,24.745,168.548,4,0,333
p909,41.62,165.417,4,0,424
p740,95.795,141.152,3,0,617
p914,39.332,166.041,4,0,390
p2157,142.553,94.007,2,1,357
p2229,135.355,104.132,2,0,546
p833,76.828,153.21,3,1,447
p941,26.532,169.671,4,1,333
p2014,155.305,75.505,2,0,603
p943,32.81,170.112,4,1,277
p905,55.529,164.776,3,0,668
p968,18.067,173.055,4,0,615
p883,65.527,161.731,3,0,479
p762,97.647,144.72,3,0,553
p881,66.93,161.463,3,0,533
p2133,149.279,91.325,2,0,515
p860,73.251,159.11,3,0,461
p2154,147.988,93.752,2,0,537
p849,79.75,156.732,3,1,374
p713,109.321,138.094,3,0,767
p847,83.227,155.623,3,1,462
p818,90.808,151.571,3,1,485
p984,24.943,175.09,4,0,447
p2002,162.008,73.114,2,0,738
p974,38.006,173.67,4,1,449
p885,74.236,161.736,3,0,435
p963,46.272,172.561,4,1,507
p845,89.297,155.491,3,0,444
p827,93.42,153.068,3,1,520
p2266,141.028,110.828,2,0,841
p985,38.696,175.224,4,1,437
p1011,28.355,177.212,4,1,366
p757,107.021,144.256,3,0,692
p1000,35.236,176.364,4,1,367
p859,84.786,158.792,3,1,509
p2179,151.36,97.467,2,1,605
p1022,27.104,179.199,4,0,478
p821,99.609,151.894,3,1,563
p1010,42.662,176.909,4,1,557
p2107,158.962,88.723,2,0,630
p938,68.68,169.236,3,1,500
p1035,21.409,181.389,4,0,666
p2051,164.547,79.603,2,1,599
p877,86.835,161.038,3,1,520
p971,58.823,173.444,3,0,562
p894,83.795,163.025,3,1,498
p947,66.539,170.91,3,1,513
p776,109.938,146.879,3,1,654
p916,77.896,166.356,3,1,497
p889,87.458,162.044,3,1,530
p2118,160.633,90.148,2,0,627
p854,95.504,157.555,3,0,522
p2283,144.907,113.889,2,0,860
p1040,30.773,182.051,4,0,478
p1043,29.242,182.931,4,0,458
p802,110.273,148.951,3,0,561
p960,69.475,172.23,3,1,491
p1013,55.027,177.406,3,0,604
p1046,33.045,182.992,4,0,519
p2005,170.891,73.995,2,0,668
p769,115.795,145.864,3,1,536
p940,77.167,169.545,3,1,458
p1051,33.585,183.373,4,0,497
p1032,45.317,181.056,4,0,530
p1036,44.414,181.393,4,0,540
p1053,36.257,183.698,4,1,462
p727,125.125,139.991,3,0,697
p926,85.372,167.791,3,0,462
p990,67.553,175.725,3,0,533
p1050,44.019,183.254,4,0,533
p2199,159.43,101.157,2,1,535
p870,101.082,159.803,3,0,510
p1012,65.886,177.319,3,1,509
p1039,52.622,181.916,3,0,612
p2272,152.64,112.135,2,0,556
p2214,159.945,102.417,2,1,476
p2286,151.554,114.535,2,0,665
p822,113.923,152.089,3,0,595
p2009,174.767,74.719,2,0,572
p949,82.642,171.22,3,0,544
p2134,167.107,91.329,2,0,436
p2187,163.495,98.358,2,1,453
p995,73.792,175.984,3,1,479
p976,80.212,173.904,3,0,537
p1026,64.779,180.357,3,0,562
p2218,161.741,102.86,2,1,552
p2078,172.473,83.817,2,1,467
p753,126.689,144.081,3,0,694
p2106,170.37,88.633,2,1,509
p803,121.658,148.967,3,1,561
p2068,173.988,82.143,2,1,443
p2275,156.552,112.412,2,0,669
p1021,72.114,179.025,3,0,562
p837,117.094,154.336,3,1,528
p2129,171.044,91.052,2,1,431
p2202,165.358,101.519,2,1,489
p915,100.396,166.044,5,0,434
p903,103.293,164.521,5,0,432
p2207,165.878,101.694,2,0,465
p2249,162.565,108.361,2,1,488
p917,102.608,166.439,5,0,376
p904,105.712,164.575,5,0,354
p2287,157.445,116.146,2,0,753
p2058,178.396,81.042,2,0,510
p945,96.634,170.521,5,0,453
p2093,176.354,86.404,2,1,400
p2200,168.411,101.163,2,1,411
p848,120.241,155.652,3,0,581
p935,101.668,168.905,5,1,296
p2136,174.943,91.396,2,1,368
p767,133.514,145.516,3,0,601
p1005,88.706,176.685,3,0,723
p2167,172.993,95.744,2,1,444
p719,140.837,139.146,6,0,824
p717,142.07,138.726,6,0,804
p2132,176.423,91.278,2,1,358
p936,104.872,169.065,5,1,256
p902,112.369,164.192,5,0,434
p835,126.953,153.559,3,0,624
p2036,184.225,77.736,2,0,520
p2054,183.279,80.504,2,1,509
p2188,175.281,98.624,2,1,421
p846,127.743,155.523,3,0,618
p952,106.233,171.58,5,1,259
p1994,188.685,71.897,2,0,621
p1965,190.483,68.481,2,0,754
p956,108.138,171.709,5,1,232
p983,103.201,174.763,5,1,334
p2046,187.05,79.109,2,0,497
p2149,180.999,93.371,2,1,412
p988,104.347,175.611,5,0,319
p2148,182.346,93.09,2,0,414
p957,112.928,171.78,5,1,204
p1042,94.303,182.798,5,0,660
p763,146.461,144.838,6,0,382
p928,119.7,167.848,5,0,395
p939,118.06,169.279,5,0,382
p955,114.928,171.689,5,0,226
p2137,185.274,91.51,2,0,406
p924,123.855,167.463,5,1,329
p1017,108.602,178.091,5,0,240
p996,112.797,176.117,5,0,227
p825,143.626,152.655,6,1,343
p789,148.916,147.787,6,1,275
p2025,195.407,76.619,2,0,359
p829,145.683,153.144,6,1,255
p921,130.608,166.997,5,0,301
p1007,118.736,176.804,5,0,314
p2260,182.642,110.55,2,0,505
p1996,201.272,72.19,7,0,439
p2225,187.762,103.601,2,0,379
p2041,199.753,78.471,7,0,391
p930,133.021,168.507,5,0,381
p858,144.545,158.753,5,0,384
p781,157.097,147.095,6,1,321
p2168,192.915,95.776,2,0,409
p830,152.194,153.153,6,1,217
p771,159.347,146.43,6,0,328
p819,154.971,151.627,6,1,192
p810,156.89,150.131,6,1,304
p973,131.722,173.659,5,1,286
p862,149.609,159.203,6,0,285
p887,147.042,161.861,5,0,344
p723,168.274,139.703,6,0,474
p2006,206.398,74.276,7,0,370
p2228,193.371,103.796,7,0,381
p989,132.259,175.665,5,0,355
p805,161.89,149.204,6,1,317
p2081,203.77,84.203,7,0,360
p953,139.788,171.6,5,1,333
p997,137.028,176.21,5,1,382
p746,172.605,141.876,6,0,527
p2242,197.053,106.129,7,1,378
p2116,205.344,89.501,7,0,420
p2015,211.502,75.519,7,1,399
p843,162.761,154.815,6,0,324
p1961,216.038,64.569,7,0,578
p2277,196.111,112.736,7,0,544
p1025,137.962,179.734,5,1,422
p2182,204.796,97.934,7,1,433
p1002,142.814,176.485,5,1,374
p1047,135.319,182.999,5,0,497
p2010,214.988,74.723,7,1,457
p770,174.845,146.047,6,0,437
p852,164.988,157.222,6,1,334
p2122,209.759,90.274,7,1,399
p893,160.061,162.919,6,1,413
p1973,217.701,69.131,7,0,444
p855,165.92,157.885,6,1,336
p2280,199.195,113.672,7,0,577
p2070,214.795,82.535,7,1,365
p2198,207.397,100.795,7,1,355
p1003,148.332,176.609,5,0,465
p966,153.13,172.988,5,0,381
p808,176.219,149.932,6,0,335
p2112,214.032,89.258,7,1,335
p922,161.047,167.032,6,0,341
p2138,213.281,91.533,7,1,331
p2234,207.05,105.296,7,0,467
p1014,150.243,177.473,5,0,448
p873,169.867,160.045,6,1,276
p2238,208.624,105.845,7,0,411
p2039,220.875,78.13,7,1,401
p863,171.963,159.266,6,1,297
p796,181.293,148.633,6,1,343
p850,174.166,156.988,6,1,297
p2121,216.693,90.176,7,1,375
p726,188.524,139.94,6,0,403
p2072,219.699,83.054,7,1,366
p814,180.844,150.826,6,1,329
p910,168.941,165.506,6,0,308
p993,158.27,175.847,6,0,409
p927,166.915,167.804,6,0,331
p1963,226.852,68.191,7,0,494
p878,175.183,161.289,6,1,298
p760,189.235,144.589,6,1,344
p868,177.496,159.542,6,1,298
p1048,153.696,183.013,5,0,522
p764,190.41,144.839,6,1,354
p2184,218.354,98.038,7,1,383
p720,194.828,139.209,6,0,409
p867,178.892,159.417,6,1,287
p2180,218.971,97.701,7,1,383
p999,163.388,176.343,6,0,357
p1968,231.062,68.763,7,0,537
p937,173.335,169.134,6,1,295
p853,184.554,157.526,6,0,290
p2146,224.473,92.762,7,0,355
p787,193.748,147.43,6,1,295
p1986,233.191,71.16,7,0,556
p1016,167.605,177.919,6,0,326
p724,200.698,139.846,6,0,353
p820,192.115,151.814,6,1,341
p872,185.582,159.981,6,0,297
p2285,216.907,114.343,7,0,524
p2110,228.559,89.153,7,0,399
p735,201.416,140.704,6,0,383
p2244,221.783,106.579,7,0,388
p839,191.668,154.569,6,0,310
p797,196.535,148.652,6,1,253
p907,183.048,165.25,6,0,259
p721,203.609,139.329,6,0,419
p2091,231.815,86.061,7,0,449
p2160,229.302,94.68,8,0,314
p933,181.949,168.674,6,1,262
p970,178.034,173.382,6,1,205
p986,176.647,175.237,6,1,218
p1008,175.481,176.817,6,0,251
p1024,173.638,179.555,6,0,330
p2097,234.676,86.8,8,0,453
p959,182.587,172.145,6,1,226
p1019,177.36,178.535,6,0,292
p2278,224.993,112.877,7,0,515
p2265,226.114,110.826,8,0,436
p1982,242.242,70.84,9,0,435
p987,183.559,175.462,6,1,219
p841,202.124,154.646,6,0,364
p817,205.088,151.435,6,1,384
p991,185.129,175.734,6,1,317
p2224,233.505,103.258,8,1,320
p793,207.832,148.335,6,1,347
p978,186.873,174.213,6,1,318
p2175,236.939,96.547,8,1,309
p2252,232.675,108.73,8,0,316
p975,189.678,173.883,6,1,314
p934,194.43,168.704,6,0,390
p2211,236.33,102.284,8,1,227
p2203,237.318,101.524,8,1,227
p2185,238.965,98.246,8,1,240
p2201,237.872,101.487,8,1,218
p2032,247.068,77.082,9,1,313
p2245,235.862,106.819,8,1,286
p749,216.062,142.694,6,0,415
p992,190.988,175.787,6,0,305
p2205,240.2,101.601,8,1,234
p838,210.203,154.483,6,0,346
p964,195.63,172.617,6,1,325
p738,219.616,140.885,10,0,315
p2063,247.943,81.576,9,1,331
p1976,251.889,69.384,9,0,342
p2073,248.964,83.423,9,0,415
p761,219.131,144.7,10,0,364
p2152,245.298,93.733,8,0,367
p783,217.515,147.199,6,0,323
p1988,253.069,71.225,9,1,353
p2057,250.365,81.036,9,1,374
p2192,243.78,99.689,8,0,322
p851,211.441,157.206,6,0,335
p958,199.887,171.887,6,1,337
p871,209.678,159.871,6,0,381
p2240,241.581,106.008,8,1,244
p2033,253.91,77.438,9,1,350
p739,225.11,140.915,10,0,299
p2262,243.13,110.616,8,0,349
p2049,255.24,79.41,9,1,374
p1045,195.157,182.953,6,0,417
p2079,254.236,84.097,9,0,433
p807,223.041,149.482,10,1,288
p1962,259.969,68.072,9,0,467
p752,227.643,143.225,10,1,278
p886,215.083,161.737,6,0,455
p1037,198.941,181.503,6,0,386
p2254,246.555,109.607,8,0,375
p734,230.524,140.512,10,1,299
p800,225.579,148.841,10,1,288
p923,213.04,167.189,11,1,384
p981,207.339,174.492,6,0,316
p792,228.218,148.267,10,1,265
p874,220.62,160.152,10,0,340
p1974,264.302,69.184,9,0,442
p1027,206.37,180.453,6,0,369
p1049,205.884,183.193,6,0,537
p1015,210.645,177.815,6,0,570
p954,217.068,171.64,11,1,459
p816,232.394,151.075,10,0,320
p901,224.269,164.092,11,0,546
p2186,260.378,98.251,12,0,398
p754,238.139,144.096,10,0,313
p1029,212.71,180.665,6,0,820
p804,236.113,149.196,10,0,356
p2221,259.747,102.947,12,0,448
p2174,262.497,96.386,12,0,407
p2008,269.955,74.645,12,0,645
p2089,267.122,85.436,9,0,529
p2208,261.697,101.72,12,1,425
p2251,259.006,108.686,12,0,525
p775,239.572,146.801,10,0,464
p2284,257.113,113.893,12,0,856
p737,246.043,140.806,13,0,602
p1985,275.25,71.139,12,0,819
p756,246.255,144.218,13,0,601
p2161,269.226,94.857,12,1,498
p2194,267.519,99.886,12,1,407
p2258,263.578,110.154,12,0,684
p1117,120.182,259.236,14,0,751
p1160,108.035,264.541,14,0,751
p2193,268.029,99.763,12,1,431
p729,249.584,140.167,13,0,681
p1175,105.735,266.323,14,0,740
p2165,270.629,95.601,12,1,503
p795,245.657,148.563,13,1,514
p2141,271.966,92.033,12,1,516
p1282,59.41,280.906,15,0,1016
p951,230.897,171.483,11,0,914
p1992,278.585,71.559,12,0,845
p2044,276.967,78.989,12,0,687
p865,240.497,159.38,13,1,687
p1176,112.038,266.481,14,1,632
p1269,78.93,278.739,15,0,1132
p929,235.718,168.427,13,0,796
p856,243.305,157.964,13,0,712
p1139,124.82,261.864,14,0,876
p1158,119.521,264.342,14,0,876
p944,234.843,170.407,13,0,915
p2126,276.088,90.629,12,0,594
p1999,281.398,72.732,12,0,739
p965,233.965,172.782,13,0,904
p1114,132.612,258.952,16,0,842
p826,247.596,152.793,13,1,534
p2206,272.841,101.612,12,1,668
p1115,133.285,258.973,16,0,875
p1079,145.695,252.222,16,0,901
p1089,142.206,254.367,16,0,844
p1306,66.523,283.799,15,0,789
p2222,273.514,102.993,12,0,762
p1300,73.189,283.025,15,0,841
p1313,66.209,284.821,15,1,819
p1217,107.208,272.741,14,1,588
p1977,284.77,69.565,12,0,806
p1336,52.622,289.037,15,0,840
p1238,103.443,275.113,14,0,745
p730,258.339,140.262,13,0,744
p1199,116.118,270.099,14,1,699
p1200,116.917,270.293,14,1,724
p1350,43.668,291.399,15,0,948
p2062,283.176,81.482,12,1,677
p2288,271.068,116.208,12,0,1146
p1224,111.92,273.059,14,1,608
p1332,61.673,288.598,15,1,690
p840,251.432,154.587,13,1,630
p1159,131.309,264.388,16,0,889
p811,253.999,150.452,13,1,588
p2158,279.95,94.095,12,1,622
p2071,284.032,83.041,12,1,629
p2162,280.481,94.905,12,1,609
p836,252.93,154.284,13,1,583
p798,256.303,148.66,13,1,570
p1090,151.415,254.811,16,0,745
p779,257.549,146.929,13,1,583
p2144,282.125,92.573,12,1,568
p1308,87.172,284.134,17,0,1047
p1131,143.269,260.419,16,1,628
p900,248.384,163.702,13,1,670
p1023,237.357,179.362,13,0,1166
p866,251.23,159.384,13,0,599
p1150,138.854,263.312,16,0,760
p2094,284.96,86.528,12,1,535
p1352,62.382,291.554,15,1,611
p785,259.314,147.327,13,1,578
p1362,57.86,293.158,15,1,787
p1264,109.286,278.229,14,0,635
p1302,94.959,283.585,17,0,719
p2113,285.57,89.352,12,1,471
p1333,78.621,288.802,15,0,1030
p1364,60.88,293.369,15,1,687
p1251,113.75,277.192,14,1,799
p2055,289.186,80.511,12,1,749
p1310,95.734,284.532,17,0,778
p1379,34.687,298.645,15,0,936
p1171,141.203,265.822,16,1,741
p782,262.925,147.195,13,0,847
p1034,240.801,181.178,13,0,1134
p806,261.679,149.472,13,1,726
p998,244.466,176.288,13,1,871
p2281,279.222,113.841,12,0,1444
p1073,168.784,250.097,18,0,1167
p1086,164.143,253.348,16,0,1032
p1981,293.519,70.663,12,0,1143
p1365,72.174,293.497,15,1,842
p1319,97.786,286.274,17,0,791
p1388,22.648,301.845,15,0,1093
p1080,167.272,252.347,18,0,1166
p2172,287.144,96.099,12,1,627
p1298,108.523,282.87,14,0,761
p1382,43.395,300.136,15,0,852
p1146,151.888,262.644,16,1,890
p1380,50.432,299.391,15,0,703
p2099,290.86,87.39,12,1,650
p1091,164.9,255.039,-1,-1,984
p1390,30.152,302.263,-1,-1,976
p942,251.972,170.086,13,1,959
p1145,153.31,262.628,16,1,913
p1378,58.091,298.559,15,1,738
p2145,289.827,92.748,12,1,717
p766,268.271,144.971,13,0,936
p1320,105.21,286.344,17,1,674
p743,270.289,141.447,13,0,1071
p1342,96.347,289.895,17,1,795
p1397,36.368,303.323,15,0,1080
p932,254.791,168.611,13,0,1166
p994,250.355,175.979,13,0,1134
p1031,247.264,180.768,13,0,1201
p1998,298.292,72.518,12,0,1145
p1106,166.854,258.216,18,0,899
p1179,153.756,266.591,16,0,1066
p1401,47.073,304.217,15,1,806
p1170,155.432,265.779,16,0,1085
p1103,168.283,257.95,18,0,912
p2178,292.227,97.319,12,0,969
p1093,172.022,255.744,18,0,855
p1403,44.926,305.39,15,1,816
p1354,102.177,292.04,17,1,874
p1370,92.286,295.358,17,1,985
p2090,297.382,85.729,12,0,973
p1231,144.324,274.262,16,0,976
p1363,100.433,293.333,17,1,927
p1225,146.538,273.415,16,0,957
p1340,111.583,289.604,17,1,978
p2170,295.165,96.015,12,1,930
p1268,136.73,278.689,16,1,951
p2040,300.542,78.151,12,0,987
p1404,51.622,306.263,15,1,647
p1391,71.044,302.361,15,0,1021
p1394,69.746,302.796,15,0,976
p1423,21.981,310.181,15,0,1012
p2248,291.655,108.077,12,0,1205
p869,266.97,159.699,13,0,902
p1402,63.546,304.552,15,1,865
p1355,106.176,292.456,17,1,856
p1416,38.483,309.053,15,0,871
p1245,144.611,275.853,16,1,846
p1099,176.248,256.856,18,1,833
p1383,81.753,300.599,15,0,879
p1424,21.398,310.923,15,0,1022
p1009,256.751,176.849,13,0,1261
p2256,291.912,109.756,12,0,1290
p1406,57.161,306.967,15,1,747
p1278,138.141,280.041,16,1,778
p1427,21.128,311.598,15,0,1020
p1358,109.868,292.862,17,0,957
p1186,161.21,268.239,16,0,875
p1413,52.016,308.647,15,1,674
p1299,134.019,282.918,16,0,724
p1387,84.687,301.617,17,0,1123
p1409,58.693,307.798,15,1,612
p1435,19.871,312.744,15,0,977
p1425,35.471,311.366,15,0,770
p2128,299.906,91.006,12,1,690
p1291,137.137,281.848,16,1,689
p1412,54.973,308.618,15,1,657
p834,273.534,153.242,19,1,686
p1420,51.381,309.339,15,1,636
p1088,183.845,254.069,18,0,851
p2104,301.209,88.087,12,1,710
p1252,147.492,277.268,16,1,739
p1068,191.475,248.979,18,0,1214
p1006,260.121,176.7,13,0,1058
p1331,125.152,288.588,16,0,1051
p1341,122.856,289.844,16,0,1062
p1414,62.335,308.819,15,1,730
p1195,162.837,269.797,16,0,932
p1326,128.558,287.806,16,0,852
p2024,305.816,76.428,12,0,871
p898,269.677,163.544,19,0,661
p1393,89.502,302.506,17,0,1142
p950,265.086,171.24,13,0,961
p815,277.317,150.914,19,0,768
p2123,302.575,90.312,12,0,833
p1218,159.461,272.871,16,0,923
p1287,143.917,281.565,16,1,705
p857,274.408,158.305,19,1,681
p1967,309.29,68.687,12,0,1096
p1374,109.014,297.536,17,0,1047
p1443,25.722,315.903,15,1,790
p1447,18.401,316.506,15,0,1079
p1334,130.534,288.951,16,0,843
p1392,95.351,302.391,17,0,1002
p1445,28.931,316.146,15,1,757
p1128,181.985,260.158,18,1,816
p1437,50.113,313.644,15,1,724
p1156,176.638,264.276,18,1,861
p1444,36.154,316.095,15,1,841
p2247,299.646,107.462,12,0,1034
p1335,133.453,289.02,16,1,871
p801,281.54,148.927,19,0,899
p1153,179.044,263.445,18,1,806
p1430,64.802,311.944,15,0,898
p2163,304.076,95.292,12,1,819
p2215,302.044,102.431,12,0,929
p884,275.188,161.732,19,1,747
p1180,175.147,267.035,18,1,908
p2092,307.544,86.256,12,1,863
p861,276.99,159.135,19,1,739
p919,272.427,166.829,19,1,761
p2233,301.723,105.178,12,0,1000
p831,280.463,153.158,19,0,871
p2155,305.636,93.766,12,1,945
p1059,205.094,245.336,20,0,1192
p1439,58.391,314.439,15,1,741
p1373,119.815,296.545,16,0,1146
p1449,39.297,317.421,15,0,927
p1410,86.84,307.898,17,0,1440
p2001,311.518,72.891,12,0,1051
p1321,142.503,286.624,16,1,931
p875,277.894,160.226,19,1,710
p1314,147.831,285.022,16,1,969
p1293,154.368,282.101,16,0,981
p1174,181.108,266.237,18,0,723
p1433,79.41,312.385,15,0,1256
p948,273.787,171.163,19,1,814
p896,279.12,163.332,19,1,633
p1457,37.482,321.958,15,1,683
p913,278.524,165.991,19,1,591
p1157,188.112,264.32,18,1,636
p2080,313.376,84.138,12,1,769
p1119,195.223,259.303,18,0,946
p777,289.436,146.915,-1,-1,867
p1118,195.446,259.275,18,0,946
p1116,195.841,259.09,18,0,1003
p1098,199.059,256.774,18,0,902
p1463,28.518,323.886,15,1,759
p2164,310.945,95.436,12,1,772
p1281,164.522,280.68,-1,-1,1013
p1459,47.348,322.24,15,1,649
p1453,54.469,321.346,15,0,814
p844,286.909,154.986,19,0,699
p1344,148.248,290.486,16,0,1037
p1192,184.243,269.275,18,1,624
p1456,54.068,321.808,15,0,836
p1470,25.605,325.391,15,0,784
p1464,40.202,324.015,15,1,593
p1461,52.415,322.429,15,0,791
p1057,216.497,244.797,20,0,1184
p1468,33.205,325.15,15,0,650
p1467,34.948,325.1,15,0,683
p2088,315.754,85.203,12,1,660
p1064,214.916,246.544,20,0,1072
p784,292.568,147.238,21,0,872
p2029,318.516,76.837,12,1,669
p2052,317.82,80.373,12,1,788
p1458,61.027,322.163,15,0,939
p2151,314.32,93.69,12,1,681
p1205,185.068,270.968,18,1,640
p1993,320.408,71.723,12,0,800
p1466,47.988,324.866,15,0,757
p1277,171.561,280.03,18,0,955
p1211,184.201,271.984,18,1,571
p1063,217.482,246.361,20,0,981
p742,296.662,141.432,21,0,751
p788,294.172,147.603,21,0,851
p1054,271.821,185.621,19,0,1369
p1329,159.764,288.052,16,0,1207
p1262,177.292,278.063,18,0,709
p1348,156.122,290.744,16,0,1190
p925,284.233,167.729,19,1,705
p1076,215.53,250.902,20,0,746
p880,288.797,161.383,19,0,734
p2030,321.917,76.855,12,1,590
p1473,47.826,327.783,15,1,716
p967,282.677,173.005,19,0,722
p1239,184.803,275.142,18,1,557
p2231,314.72,104.4,12,0,793
p1214,189.263,272.365,18,1,584
p2270,312.287,111.995,12,0,1149
p969,283.147,173.368,19,0,783
p1477,37.153,330.001,15,1,676
p1275,179.18,279.618,18,0,658
p2143,319.142,92.307,12,1,649
p1151,202.992,263.397,20,0,874
p1478,23.087,331.747,15,0,701
p2011,324.542,75.255,12,0,755
p794,298.229,148.537,21,0,714
p2150,319.819,93.381,12,1,713
p2060,323.43,81.213,12,1,679
p2235,316.657,105.436,12,0,739
p1110,210.807,258.753,20,1,767
p1071,221.889,249.484,20,0,766
p1072,221.515,249.913,20,0,766
p977,286.007,174.036,19,0,791
p772,301.09,146.564,21,1,769
p1989,327.389,71.249,12,0,1027
p736,304.199,140.746,21,1,790
p1481,7.798,335.318,22,0,866
p1162,206.131,264.749,20,0,828
p1228,193.835,273.965,18,0,636
p2250,317.621,108.413,12,0,871
p1095,216.782,256.393,20,1,791
p1482,19.35,335.468,22,1,723
p1307,179.837,284.052,18,0,836
p1484,12.362,336.383,22,0,743
p890,294.989,162.163,19,0,846
p1280,186.663,280.399,18,1,503
p732,306.48,140.395,21,1,744
p882,295.836,161.686,19,0,867
p778,304.081,146.92,21,1,723
p2226,321.573,103.626,12,1,626
p1052,283.707,183.686,19,0,1177
p2153,325.169,93.746,12,0,632
p1487,26.63,338.016,15,0,815
p1490,8.743,338.975,22,0,976
p1055,234.864,244.592,20,0,970
p1292,188.508,282.094,18,1,540
p2156,326.576,93.977,12,0,724
p1493,18.12,339.686,22,1,548
p2034,331.232,77.468,12,0,839
p2076,329.821,83.693,12,0,738
p1288,191.103,281.635,18,1,546
p892,299.158,162.312,19,0,771
p1261,196.392,278.01,18,1,613
p1494,16.05,340.187,22,1,537
p768,307.888,145.591,21,1,661
p1208,205.727,271.55,18,0,801
p1488,43.022,338.1,15,0,854
p2196,325.927,100.549,12,1,600
p980,293.698,174.443,19,1,688
p1491,41.099,339.342,15,0,819
p906,300.213,164.849,19,1,653
p1124,223.795,259.78,20,1,663
p1304,193.331,283.738,18,0,680
p1172,217.099,265.994,20,1,726
p2204,328.292,101.575,12,0,745
p1305,194.154,283.746,18,0,759
p1303,194.718,283.682,18,0,748
p2130,331.807,91.092,12,0,794
p1500,13.156,344.062,22,1,559
p758,312.559,144.434,21,1,794
p87,153.879,308.064,23,0,879
p92,148.658,310.898,23,0,968
p1499,24.172,343.841,22,1,678
p98,131.505,318.993,23,0,927
p1501,16.346,344.69,22,1,521
p90,153.41,309.122,23,0,788
p1496,45.626,342.268,15,0,831
p1083,235.478,252.983,20,0,717
p1505,10.583,345.6,22,0,779
p1062,242.848,246.187,20,0,785
p91,153.636,309.867,23,0,767
p747,315.501,142.003,21,1,773
p1096,233.173,256.487,20,1,661
p2243,330.499,106.441,12,0,865
p748,316.762,142.555,21,0,747
p1154,226.697,263.483,20,0,560
p918,305.676,166.653,19,1,580
p972,302.004,173.47,19,1,745
p1196,220.961,269.839,20,0,650
p1504,49.718,345.273,22,0,1021
p103,132.401,322.735,23,0,746
p715,320.843,138.228,21,0,916
p1279,208.478,280.366,18,0,814
p1507,41.708,347.081,22,1,666
p95,151.534,315.214,23,0,777
p1274,211.168,279.157,18,0,791
p888,310.583,161.993,19,0,780
p1296,207.249,282.409,18,0,889
p89,166.838,308.485,23,0,825
p107,129.898,326.107,24,0,669
p1105,238.388,258.167,20,1,582
p1511,29.856,350.191,22,1,693
p113,125.823,328.684,24,0,619
p962,307.254,172.284,19,1,577
p1512,35.786,350.472,22,1,683
p1515,32.469,350.818,22,1,663
p1075,248.197,250.671,20,0,700
p1144,235.676,262.61,20,1,523
p1028,303.585,180.629,19,0,920
p1104,241.386,257.955,20,1,509
p1230,222.816,274.215,20,0,579
p1069,250.737,248.985,20,0,791
p1242,221.329,275.558,20,0,601
p1112,240.766,258.826,20,1,508
p1524,14.524,353.603,22,0,875
p961,309.285,172.272,19,1,589
p96,158.234,316.942,23,1,657
p118,128.484,330.468,24,1,645
p911,313.889,165.633,19,0,737
p1201,229.713,270.555,20,1,417
p102,149.332,322.096,23,1,604
p1202,229.983,270.753,20,1,429
p97,156.903,318.774,23,1,667
p1517,46.813,352.385,22,0,814
p93,170.83,311.777,23,0,846
p912,314.564,165.723,19,0,717
p1001,308.914,176.455,19,0,674
p744,326.361,141.649,21,0,1052
p1100,246.211,257.004,20,1,483
p88,178.29,308.199,25,0,1074
p104,150.449,322.89,23,1,684
p122,129.107,332.022,24,1,579
p108,140.855,327.583,23,0,721
p1525,40.931,354.262,22,1,733
p1526,24.811,355.822,22,1,667
p1181,236.075,267.568,20,1,478
p1193,234.124,269.3,20,1,480
p1058,260.292,244.799,20,0,842
p1523,55.947,353.436,22,0,949
p123,129.6,333.61,24,1,595
p1220,231.64,272.95,20,1,541
p1164,241.117,265.01,20,1,532
p750,328.929,142.844,21,0,960
p1529,36.016,357.015,22,1,667
p1122,247.657,259.677,20,1,556
p1532,18.972,358.39,22,0,878
p1235,231.177,274.619,20,1,498
p1078,256.128,251.643,20,0,634
p1286,223.403,281.412,20,0,678
p111,145.897,328.558,23,1,768
p135,123.22,338.794,24,0,712
p920,319.508,166.976,19,0,664
p1237,233.675,274.728,20,1,477
p127,133.87,335.02,24,1,592
p1203,238.567,270.766,20,1,487
p1536,27.594,360.195,22,1,768
p94,181.997,312.281,25,0,884
p774,331.061,146.707,21,0,996
p99,171.829,319.959,25,0,673
p136,132.062,338.832,24,1,589
p824,330.341,152.564,21,0,952
p1065,266.91,247.372,20,0,663
p1255,235.603,277.481,20,0,450
p114,154.945,329.416,23,0,616
p1542,30.845,362.74,22,1,762
p1544,11.956,364.116,22,0,1028
p1030,316.479,180.696,19,0,708
p1166,250.162,265.481,20,0,657
p1148,253.724,263.118,20,0,508
p132,142.494,336.65,23,0,716
p119,156.03,330.695,23,0,602
p879,328.328,161.379,26,0,790
p1232,242.165,274.344,20,0,535
p101,175.094,321.902,25,0,635
p1133,257.052,261.209,20,1,489
p1257,239.251,277.642,20,0,489
p1539,62.738,361.133,22,0,991
p139,136.333,340.328,24,0,691
p1152,255.164,263.433,20,0,455
p1125,259.062,259.847,20,1,465
p1102,261.033,257.946,20,1,421
p110,163.921,328.34,25,1,468
p1041,318.323,182.643,26,0,666
p864,330.64,159.323,26,0,908
p946,324.884,170.819,26,1,600
p105,172.762,324.576,25,1,527
p982,323.582,174.63,26,1,464
p1107,261.802,258.219,20,1,413
p1060,274.302,245.444,20,0,916
p147,132.796,343.359,24,0,640
p117,162.439,330.402,25,0,420
p109,167.174,328.263,25,0,475
p1018,322.717,178.234,26,1,376
p154,125.206,346.962,24,0,958
p1256,243.231,277.59,20,0,631
p1285,239.767,281.313,20,0,609
p124,158.713,334.341,25,1,491
p1044,321.85,182.94,26,0,510
p1033,322.878,181.177,26,1,458
p106,178.86,324.684,25,1,612
p1559,17.142,370.489,22,0,1088
p1551,39.715,368.951,22,0,720
p979,327.86,174.334,26,1,577
p1147,262.705,262.756,20,1,389
p1295,241.73,282.281,20,0,709
p121,168.092,331.83,25,1,489
p128,160.971,335.471,25,1,493
p1109,267.79,258.546,20,1,522
p100,188.385,321.231,25,0,788
p1113,268.65,258.927,20,1,557
p1173,261.649,266.026,20,1,470
p159,127.327,350.908,24,0,910
p116,174.682,330.318,25,0,602
p1004,329.534,176.617,26,1,634
p1038,326.889,181.568,26,1,591
p131,164.317,335.97,25,1,434
p1558,56.519,370.269,22,0,670
p1084,276.248,253.026,20,0,645
p145,152.072,342.404,25,0,645
p112,180.488,328.618,25,1,616
p1553,63.116,369.837,22,0,678
p125,169.774,334.662,25,1,469
p1561,53.734,371.545,22,0,689
p1087,276.824,253.898,20,1,667
p1568,26.442,375.309,22,1,736
p1163,267.293,264.964,20,1,497
p1067,282.77,248.761,20,0,758
p138,162.725,339.915,25,1,414
p1020,331.754,178.868,26,0,770
p1566,53.113,373.63,22,1,775
p151,152.655,345.182,25,0,681
p1155,269.569,264.229,20,1,493
p1056,287.437,244.7,20,0,836
p143,159.853,342.331,25,1,368
p1556,75.864,370.152,22,0,824
p1577,27.995,377.312,22,1,798
p1578,37.978,377.388,22,1,590
p140,167.759,340.476,25,1,402
p115,188.031,330.014,25,0,517
p1573,49.221,376.644,22,0,611
p142,166.321,342.129,25,1,445
p120,187.152,331.229,25,1,549
p1271,259.719,278.912,20,0,902
p1583,45.921,378.705,22,1,669
p1567,75.981,373.892,22,0,674
p1143,276.933,262.471,20,1,522
p153,162.034,345.997,25,1,503
p1190,271.358,269.107,20,0,580
p1130,280.259,260.382,20,0,635
p152,165.121,345.513,25,1,539
p129,185.668,335.604,25,1,601
p1579,68.11,377.472,22,1,608
p1070,291.683,249.094,20,0,852
p1576,72.552,377.098,22,0,585
p166,144.133,356.156,27,0,761
p1247,268.136,276.218,20,0,677
p1603,32.217,383.8,22,0,785
p1061,296.97,246.026,20,0,935
p1204,274.811,270.851,20,1,593
p126,191.52,334.977,25,1,494
p157,161.773,350.404,25,0,591
p1605,35.171,384.492,22,0,719
p172,134.443,361.955,27,0,705
p137,184.485,339.211,25,1,592
p1597,48.354,383.203,22,1,678
p148,176.53,343.547,25,0,614
p1594,55.135,382.346,22,0,689
p1588,70.221,380.266,22,1,570
p1120,286.976,259.335,20,1,671
p150,178.037,343.672,25,0,599
p1595,59.946,382.474,22,1,647
p163,156.466,354.278,25,0,634
p149,179.363,343.574,25,0,590
p1276,268.326,279.856,20,0,796
p170,146.451,359.416,27,0,590
p1619,29.363,386.997,22,0,957
p164,159.181,354.447,25,0,610
p1620,33.847,387.077,22,0,747
p1066,299.132,247.988,20,0,851
p134,192.739,338.016,25,1,477
p171,142.978,361.95,27,1,469
p141,188.627,340.491,25,1,511
p158,168.823,350.884,25,1,512
p1587,85.698,380.122,22,0,629
p155,171.972,349.879,25,0,513
p1590,81.266,381.555,22,0,536
p1142,288.914,262.231,20,0,710
p1169,285.917,265.773,20,0,577
p1604,71.897,384.142,22,1,426
p130,200.468,335.644,25,0,749
p1236,278.387,274.685,20,0,568
p174,144.727,363.41,27,1,515
p1609,66.915,385.652,22,1,449
p133,197.979,337.757,25,0,618
p176,142.127,365.116,27,1,471
p1589,91.282,381.058,22,0,624
p1614,65.754,386.654,22,1,503
p1284,273.862,281.305,20,0,690
p1206,284.224,270.97,20,0,590
p167,163.283,357.159,25,0,611
p1627,52.869,389.467,22,0,671
p1127,295.301,259.998,20,1,672
p144,193.875,342.382,25,0,572
p181,139.807,367.959,27,1,580
p180,141.478,367.346,27,1,516
p1613,74.33,386.576,22,1,488
p1615,74.614,386.659,22,1,488
p183,138.191,369.528,27,0,666
p1600,94.322,383.477,22,0,602
p1622,77.671,387.262,22,0,611
p162,175.568,353.932,25,1,615
p1637,43.805,392.703,22,0,758
p146,197.029,342.743,25,0,713
p1598,98.302,383.25,22,0,647
p1599,98.906,383.296,22,0,649
p1260,282.085,277.982,20,0,718
p1651,31.469,394.823,22,0,999
p185,138.571,371.407,27,0,657
p160,182.901,351.725,25,1,612
p1632,67.756,390.925,22,1,423
p168,174.195,357.187,25,0,590
p179,154.581,366.177,27,0,597
p161,183.617,352.579,25,1,659
p182,147.813,369.185,27,1,514
p1652,48.814,394.997,22,0,850
p1101,304.116,257.178,20,0,821
p1636,67.603,392.698,22,0,452
p1191,294.125,269.208,20,1,460
p156,191.181,349.959,25,0,702
p1624,92.832,388.358,22,1,446
p1639,75.721,392.82,22,1,455
p1272,286.788,278.92,20,0,629
p165,184.109,355.875,25,0,666
p1621,103.896,387.175,22,0,651
p178,163.71,366.165,27,1,659
p1625,101.558,388.536,22,0,606
p1660,64.925,396.343,22,1,511
p1649,76.829,394.409,22,0,424
p1641,84.958,392.993,22,1,419
p184,156.592,370.709,27,1,469
p1249,292.513,276.386,20,1,458
p1136,306.803,261.514,20,0,683
p1670,65.474,397.864,22,1,513
p175,172.193,364.859,25,0,609
p1648,85.894,394.246,22,0,465
p1640,91.755,392.94,22,1,479
p187,157.497,371.658,27,1,423
p169,185.038,359.301,25,1,617
p1129,309.232,260.38,20,0,671
p1684,60.61,399.962,22,0,533
p1645,94.032,393.635,22,1,467
p191,151.856,375.167,27,0,557
p1694,53.383,401.396,22,0,600
p1653,88.208,395.247,22,1,488
p1258,294.783,277.717,20,1,355
p1687,64.08,400.093,22,1,502
p1221,299.952,273.015,20,1,465
p1691,64.368,400.932,22,1,479
p1243,298.289,275.669,20,1,445
p1250,297.682,277.079,20,1,477
p198,147.366,379.114,27,0,627
p1673,83.199,398.172,22,1,435
p195,152.479,377.285,27,0,525
p1655,99.782,395.363,22,0,516
p1683,79.99,399.942,22,1,450
p194,155.613,377.032,27,1,481
p1233,302.042,274.351,20,1,454
p1165,310.351,265.14,20,0,577
p1289,295.399,281.74,20,0,555
p196,155.358,377.929,27,0,510
p1085,321.801,253.264,20,0,743
p1714,69.344,403.834,22,0,429
p189,170.311,372.819,27,0,580
p1702,78.412,402.465,22,0,476
p192,165.883,375.174,27,1,513
p1259,302.474,277.981,20,0,519
p177,186.492,366.136,25,0,609
p186,176.65,371.485,27,0,607
p1092,322.522,255.481,20,0,636
p1226,307.841,273.426,20,1,510
p1656,114.505,395.536,28,0,349
p173,194.452,363.123,25,0,887
p1742,63.834,407.371,22,0,530
p1666,111.269,397.428,28,0,336
p1184,314.474,267.889,20,1,595
p1665,113.269,397.283,28,0,279
p199,162.91,380.567,27,0,624
p1679,110.656,399.239,28,0,327
p1710,94.776,403.431,22,1,491
p188,183.168,372.223,25,0,642
p1669,118.64,397.862,28,1,306
p1677,116.504,398.588,28,1,207
p193,177.629,375.408,27,0,687
p1730,87.612,405.967,22,1,465
p1760,70.635,409.332,22,0,576
p1755,73.7,408.875,22,0,575
p1688,111.713,400.172,28,1,261
p190,181.366,373.854,25,0,675
p1726,92.976,405.224,22,0,511
p1682,115.02,399.69,28,1,172
p1740,89.24,407.149,22,0,512
p1657,131.893,395.601,22,0,666
p1756,82.104,408.895,22,0,490
p1685,117.998,400.035,28,1,290
p1213,316.09,272.295,20,1,536
p1178,321.053,266.501,20,1,469
p1108,328.027,258.385,20,0,511
p1094,329.826,256.269,20,0,588
p197,179.727,378.364,27,0,741
p1704,117.548,402.827,28,1,259
p1765,90.167,410.206,22,0,426
p1706,119.355,403.016,22,0,300
p1082,336.336,252.815,20,0,576
p1209,323.592,271.776,20,1,322
p1301,313.93,283.078,20,0,594
p1811,80.432,415.289,22,0,556
p1723,123.494,404.996,22,0,331
p1135,333.562,261.296,20,1,431
p1733,120.956,406.173,22,0,298
p1717,127.521,404.302,22,0,351
p1111,335.855,258.797,20,0,535
p1700,135.45,402.325,22,0,508
p1771,107.758,410.612,22,0,442
p1785,102.502,412.379,22,1,434
p1797,95.789,414.043,22,1,390
p1671,149.382,398.016,29,0,679
p1737,126.54,406.846,22,1,309
p1212,328.682,272.08,20,1,432
p1273,322.884,278.954,20,1,319
p1097,341.166,256.49,20,0,521
p1818,97.247,416.01,22,1,436
p1198,331.139,270.079,20,1,438
p1248,326.374,276.345,20,1,418
p1123,340.544,259.696,20,0,465
p1799,109.047,414.293,22,0,546
p1757,130.995,408.988,22,1,334
p1690,156.759,400.334,29,0,645
p1328,319.44,287.986,20,0,863
p1223,332.842,273.049,20,0,521
p1752,135.582,408.736,22,1,534
p1853,92.599,420.669,22,0,643
p1834,104.555,418.093,22,1,421
p1830,106.041,417.726,22,1,487
p1762,135.223,409.595,22,1,522
p1697,157.021,401.853,29,1,657
p1246,332.076,275.981,20,1,602
p1253,331.537,277.279,20,1,571
p1686,165.375,400.069,29,0,686
p1767,138.504,410.321,22,0,596
p1836,112.874,418.188,22,1,564
p380,425.956,78.906,31,0,1045
p1810,124.115,415.262,22,1,490
p1821,118.479,417.095,22,0,555
p1863,99.406,422.288,22,0,729
p1738,153.452,406.889,29,0,763
p1806,129.748,415.173,22,1,499
p415,424.294,97.509,31,0,1045
p1140,347.83,261.914,30,1,491
p1311,329.706,284.713,20,0,826
p1882,97.952,425.347,22,0,1011
p358,431.04,69.589,31,0,1193
p1838,125.739,418.416,22,0,562
p1074,358.137,250.268,30,0,978
p1696,172.728,401.743,29,0,979
p425,421.602,117.717,31,0,1074
p1161,348.729,264.691,30,1,473
p432,419.133,127.199,31,0,1087
p1709,171.03,403.242,29,0,909
p1805,139.782,415.115,22,1,780
p1188,346.266,268.386,30,1,563
p408,429.847,89.107,31,0,1013
p1194,347.027,269.484,30,1,476
p1732,167.863,406.165,29,1,720
p1210,345.636,271.783,30,1,544
p1867,118.361,423.503,22,0,681
p1189,348.104,268.693,30,1,487
p1788,152.226,412.855,22,0,950
p1763,160.665,409.705,29,1,674
p1138,354.164,261.749,30,0,523
p1774,158.839,410.947,29,1,721
p1736,169.89,406.627,29,1,788
p429,423.173,123.604,31,0,886
p1183,350.352,267.841,30,1,396
p403,432.501,87.168,31,0,1047
p1216,347.378,272.672,30,1,521
p441,420.737,134.844,31,0,734
p1880,120.665,425.106,22,1,710
p1855,134.898,421.141,22,1,710
p420,428.855,108.992,31,0,1089
p1898,114.123,427.772,22,0,1133
p1847,140.49,419.932,22,0,920
p1126,358.721,259.912,30,0,752
p1263,345.278,278.078,30,1,735
p1874,129.466,424.13,22,1,764
p1820,151.172,417.074,22,0,943
p422,429.191,112.407,31,0,1010
p438,423.113,133.675,31,0,741
p1720,183.113,404.72,29,0,1082
p1297,342.771,282.611,20,0,1057
p440,423.694,134.56,31,0,766
p1134,359.908,261.221,30,1,769
p1888,126.147,426.478,22,0,937
p430,426.709,125.924,31,0,944
p203,322.76,307.044,33,0,1302
p418,434.226,100.897,31,1,1018
p412,436.353,91.968,31,1,1163
p448,422.181,143.794,32,0,830
p1207,354.042,271.24,30,1,679
p1137,361.204,261.708,30,1,700
p1168,358.437,265.584,30,1,678
p407,437.223,89.016,31,1,1282
p216,309.119,321.986,33,0,1502
p342,442.165,62.166,34,0,1078
p1793,169.409,413.67,29,1,949
p431,428.665,126.795,31,1,951
p1903,128.275,428.488,22,0,1241
p417,436.16,99.51,31,1,1133
p1283,348.208,281.281,30,1,993
p1772,178.291,410.675,29,0,1162
p208,319.884,313.587,33,0,1252
p332,445.339,57.294,34,0,1118
p1857,154.881,421.634,29,0,1133
p1895,137.681,427.607,22,0,1228
p1167,362.335,265.582,30,1,694
p389,441.622,82.712,31,1,1151
p372,443.042,75.007,31,0,1217
p450,425.758,144.367,32,0,983
p374,443.575,75.477,31,0,1147
p443,427.845,139.381,32,1,675
p368,444.002,73.804,31,0,1113
p446,427.535,140.842,32,1,676
p202,329.298,307.033,33,1,1113
p218,314.309,322.429,33,0,1258
p1330,345.851,288.391,30,0,1427
p210,321.18,315.663,33,0,1246
p371,444.186,74.773,31,0,1235
p320,447.401,52.68,34,0,1060
p318,447.604,51.804,34,0,1114
p1132,367.715,261.151,30,1,933
p336,446.989,60.668,34,0,977
p423,437,112.594,31,1,1237
p341,447.115,62.044,34,1,955
p1753,191.883,408.816,35,0,905
p1739,195.68,407.109,35,0,1139
p220,315.665,323.192,33,0,1122
p255,295.095,342.319,37,0,1524
p1265,356.119,278.468,30,0,1088
p1141,368.397,262.058,30,1,954
p1919,134.386,431.874,22,0,1435
p1121,370.524,259.581,30,0,1071
p421,438.753,110.45,31,1,1086
p1833,173.589,417.888,29,0,1084
p416,441.896,97.95,31,0,1348
p1077,376.398,251.574,30,0,1621
p1266,357.73,278.505,30,1,1054
p211,325.111,316.065,33,1,970
p1315,352.346,285.392,30,0,1156
p1197,364.302,270.024,30,1,927
p1897,150.81,427.675,36,0,1140
p1182,365.962,267.834,30,1,772
p1860,166.255,421.931,29,0,1018
p424,438.797,115.729,31,0,1333
p433,435.422,127.915,31,1,990
p427,437.638,120.246,31,1,1031
p243,303.768,337.46,37,0,1098
p1149,369.972,263.249,30,0,963
p1896,152.751,427.649,36,0,976
p458,429.476,147.655,32,1,788
p442,433.38,135.975,31,0,887
p317,451.672,48.477,34,0,1181
p1081,377.884,252.614,30,0,1583
p1234,362.578,274.592,30,0,905
p1852,173.306,420.526,29,0,878
p366,449.195,73.234,34,1,964
p426,439.119,119.693,31,0,1064
p453,431.419,145.755,32,1,742
p200,337.718,305.692,33,0,1270
p1795,190.273,413.899,35,1,796
p1794,190.529,413.784,35,1,763
p456,431.209,147.043,32,1,753
p1219,365.041,272.918,30,1,840
p445,433.728,140.543,32,1,753
p419,444.57,101.574,31,0,1244
p449,432.792,143.799,32,1,687
p360,450.642,70.156,34,1,794
p212,328.436,316.801,33,1,954
p437,436.787,132.524,31,0,954
p201,338.624,306.106,33,0,1222
p206,333.539,311.89,33,1,1025
p1812,190.811,415.4,35,1,776
p402,448.946,86.545,31,0,1110
p330,453.824,56.455,34,1,796
p261,300.119,345.111,37,0,1033
p207,333.868,312.928,33,1,963
p1351,352.804,291.482,30,0,1194
p219,324.706,322.709,33,1,880
p350,452.837,67.247,34,1,863
p1822,188.836,417.103,35,0,839
p1827,188.622,417.373,35,0,852
p1713,216.281,403.738,35,0,1024
p1746,208.884,407.714,35,0,1054
p335,454.31,59.578,34,1,893
p1926,149.632,433.107,36,0,1135
p1913,158.042,430.115,36,0,968
p1868,175.443,423.556,36,1,703
p476,430.442,157.874,32,0,1150
p1798,197.375,414.109,35,1,802
p250,307.329,340.702,37,1,969
p228,319.294,329.545,33,0,1085
p258,304.788,343.217,37,1,924
p319,456.12,52.193,34,1,1051
p1802,197.753,414.381,35,1,780
p452,435.55,145.395,32,1,630
p1346,355.627,290.567,30,0,1175
p439,439.334,133.911,31,0,1039
p1908,163.642,429.528,36,1,1053
p1808,197.434,415.202,35,1,825
p1758,209.892,409.092,35,0,1133
p1928,150.417,434.508,36,0,1266
p209,335.147,314.891,33,1,1016
p1892,170.395,427.14,36,1,725
p1878,176.376,424.839,36,1,745
p1923,157.268,432.455,36,0,1096
p435,441.056,131.792,31,0,1113
p462,435.104,150.564,32,1,859
p259,306.04,344.25,37,1,870
p225,323.167,328.544,33,1,1085
p478,431.691,161.683,32,0,1364
p1773,209.163,410.84,35,0,1113
p338,457.219,61.058,34,1,979
p428,445.168,121.036,31,0,1201
p249,311.678,340.689,37,1,857
p1891,175.931,426.949,36,1,657
p359,456.452,70.104,34,1,969
p377,455.329,78.197,34,1,1067
p1294,366.112,282.204,30,1,1067
p1766,213.1,410.277,35,1,929
p316,459.989,48.062,34,0,1245
p270,301.754,350.545,37,0,1247
p1824,199.862,417.181,35,1,973
p1227,372.834,273.842,30,0,1155
p447,440.13,142.847,32,1,947
p1872,185.609,423.917,35,0,964
p1910,171.426,429.853,36,1,720
p204,342.994,310.67,33,0,1339
p237,320.544,334.019,33,0,1143
p1904,175.522,428.597,36,1,775
p1930,160.359,434.736,36,0,1108
p455,440.408,146.542,32,0,853
p1716,228.186,404.266,35,0,1233
p398,456.32,85.624,31,0,1437
p264,310.511,345.281,37,1,891
p434,445.818,130.619,31,0,1218
p457,440.541,147.443,32,0,866
p1244,374.334,275.758,30,0,1140
p1911,177.699,430.005,36,1,729
p1906,179.995,429.387,36,1,741
p1921,173.95,432.248,36,1,632
p265,312.171,345.928,37,1,749
p378,459.305,78.72,34,1,1047
p1864,196.673,422.573,35,0,776
p248,318.342,340.531,37,0,926
p1826,207.787,417.346,35,1,788
p1353,364.163,291.906,30,0,1188
p356,461.595,69.35,34,1,878
p364,461.568,72.37,34,1,914
p310,465.741,40.127,34,0,1446
p1859,201.895,421.718,35,1,642
p1905,186.077,429.118,36,0,872
p229,332.038,329.567,33,0,997
p1325,369.137,287.411,30,0,1171
p1708,237.441,403.141,35,0,1584
p1939,169.052,436.336,36,0,934
p1759,227.285,409.217,35,1,951
p331,464.638,57.017,34,0,903
p344,463.971,62.675,34,1,860
p1751,228.677,408.656,35,0,918
p1254,377.427,277.387,30,0,1165
p1832,211.704,417.878,35,1,686
p468,442.739,153.699,32,0,965
p436,449.75,132.161,31,0,1309
p1770,226.241,410.568,35,1,994
p245,323.992,338.852,33,0,1001
p215,341.53,321.295,33,0,1016
p267,312.98,349.579,37,1,838
p1944,171.919,436.719,36,0,874
p263,318.411,345.202,37,1,890
p230,334.586,329.567,33,0,933
p1747,232.737,408.015,35,0,1046
p205,351.887,311.603,38,0,1477
p1803,221.842,414.473,35,1,791
p1813,220.093,415.472,35,1,694
p1845,212.78,419.444,35,1,668
p1185,386.85,268.208,-1,-1,1268
p1778,229.033,411.662,35,1,679
p324,468.284,54.237,34,0,997
p355,466.572,68.819,34,0,905
p1215,385.32,272.6,-1,-1,1283
p242,330.693,336.872,33,0,829
p346,467.813,64.479,34,0,850
p1900,200.511,427.955,35,1,768
p1899,200.928,427.941,35,1,766
p500,441.254,169.819,39,0,1003
p1347,373.491,290.722,30,0,1106
p1912,198.463,430.006,35,1,720
p1848,218.959,420.131,35,1,787
p1871,212.343,423.602,35,1,751
p485,444.988,163.518,39,0,707
p454,451.224,145.775,32,0,854
p1949,183.244,437.523,36,0,853
p275,316.539,353.64,37,0,850
p1894,207.034,427.407,35,1,687
p1938,188.361,436.104,35,0,912
p240,336.719,335.237,38,1,680
p277,316.021,354.83,37,0,813
p288,304.473,365.008,40,0,1068
p224,345.193,326.957,38,1,824
p486,446.606,163.869,39,1,620
p1909,205.247,429.563,35,1,780
p1338,378.179,289.508,30,0,1014
p284,309.967,361.84,40,0,789
p444,455.69,139.93,32,0,1293
p257,331.047,343.179,38,0,769
p247,334.993,339.566,38,1,716
p1368,375.155,294.645,41,0,1127
p475,450.257,157.572,39,0,736
p1875,218.038,424.521,35,1,785
p1902,210.663,428.231,35,1,703
p384,470.216,82.183,34,0,1007
p221,350.748,323.821,38,0,891
p1948,192.08,437.213,35,0,913
p1946,193.055,436.953,35,0,859
p287,308.677,364.606,40,0,860
p323,474.738,54.167,34,1,959
p236,342.261,333.749,38,1,759
p1177,397.022,266.483,41,0,1447
p385,471.17,82.281,34,0,968
p1229,392.026,274.041,41,0,1000
p491,448.598,166.01,39,0,556
p289,309.395,365.09,40,0,847
p483,450.017,162.982,39,0,665
p291,308.096,366.369,40,0,992
p1814,237.711,415.537,35,0,1082
p357,473.674,69.556,34,0,922
p313,476.6,45.718,34,0,960
p495,448.289,168.177,39,0,546
p213,356.246,320.109,38,0,904
p312,477.011,43.279,34,0,1093
p1839,234.507,418.468,35,0,1114
p235,345.661,333.121,38,1,656
p269,328.638,350.035,37,0,849
p1240,393.87,275.359,41,0,904
p214,357.739,321.053,38,0,758
p1381,376.1,299.845,-1,-1,1119
p459,457.738,147.949,39,0,1011
p392,474.061,83.219,34,0,1121
p481,453.361,162.676,39,1,601
p326,478.584,54.568,34,1,840
p226,352.146,328.862,38,1,811
p276,327.318,353.692,38,0,897
p373,476.081,75.411,34,0,923
p494,452.446,166.814,39,1,579
p1754,255.725,408.868,42,0,840
p1937,206.045,436.023,35,1,689
p461,458.784,148.79,39,0,926
p290,314.833,365.398,40,1,736
p246,343.402,339.059,38,0,821
p1187,401.392,268.271,41,0,1310
p1337,386.608,289.194,41,1,959
p244,344.49,338.303,38,0,854
p1721,263.353,404.726,42,0,939
p227,353.396,329.17,38,0,822
p490,454.607,165.491,39,1,544
p254,342.46,342.193,38,1,722
p334,480.505,59.468,34,1,914
p311,482.456,41.754,34,0,1037
p386,477.29,82.318,34,0,1027
p231,355.725,329.737,38,1,850
p281,326.846,358.512,38,0,947
p460,462.197,148.753,39,0,956
p1954,203.887,440.687,35,0,949
p1959,200.09,442.546,35,0,1093
p266,338.189,348.672,38,1,827
p271,336.078,350.882,38,0,838
p1784,257.165,412.331,42,0,760
p1804,253.467,414.664,42,0,1015
p1241,400.79,275.553,41,0,932
p1947,213.511,437.019,35,0,1001
p1927,219.665,434.107,35,0,1056
p294,317.885,368.544,40,1,773
p1790,257.718,412.965,42,0,759
p503,456.744,170.562,39,1,702
p1781,260.778,412.067,42,1,671
p298,315.049,372.453,40,1,869
p1322,394.864,286.816,41,1,813
p1735,270.593,406.391,42,0,798
p1761,266.255,409.427,42,1,710
p217,367.37,322.193,38,0,1026
p1705,276.546,403.014,42,0,926
p302,313.86,374.769,40,1,861
p1367,390.64,293.958,41,1,721
p272,340.122,351.188,38,0,916
p489,460.405,165.011,39,1,616
p390,482.255,82.785,34,1,862
p256,349.378,342.593,38,0,881
p222,366.213,324.547,38,0,880
p505,458.455,171.723,39,0,781
p1327,396.145,287.85,41,1,733
p1375,388.662,297.954,41,0,976
p349,485.224,67.012,34,0,975
p1323,397.475,286.913,41,1,780
p325,487.319,54.287,34,1,947
p1935,225.679,435.41,35,0,1422
p497,460.684,168.549,39,0,604
p1377,389.945,298.199,41,0,922
p376,484.653,78.147,34,1,803
p1829,258.27,417.529,42,0,871
p451,469.419,144.455,39,0,1018
p314,488.985,46.419,34,0,966
p1850,254.704,420.249,42,0,870
p286,330.765,363.646,38,1,950
p232,364.513,330.463,38,1,812
p1886,245.642,426.362,-1,-1,1276
p252,354.668,341.4,38,1,895
p322,489.323,53.989,34,0,967
p241,359.632,336.229,38,1,859
p1748,275.488,408.147,42,1,694
p223,369.885,325.104,38,0,1089
p300,321.703,372.978,40,1,774
p315,490.389,46.649,34,0,1047
p321,489.694,53.469,34,0,1012
p1815,264.897,415.572,42,1,760
p353,488.187,67.923,34,0,902
p1309,402.773,284.218,41,1,607
p280,338.883,358.015,38,1,804
p1389,389.74,301.868,41,0,1059
p328,490.101,56.147,34,1,865
p469,468.571,154.661,39,1,814
p508,462.369,172.691,39,0,721
p499,463.544,169.773,39,1,655
p1942,230.877,436.569,35,0,1439
p1345,399.667,290.504,41,1,706
p472,469.035,155.808,39,1,833
p1222,412.013,273.039,41,0,1150
p464,470.742,151.028,39,0,901
p1950,228.015,438.665,35,0,1587
p285,337.131,362.059,38,1,808
p1809,269.046,415.209,42,1,765
p484,467.237,163.015,39,0,658
p509,462.699,176.173,39,0,877
p1796,271.932,414.035,42,1,800
p273,349.132,351.455,38,0,922
p391,488.474,83.054,34,1,830
p305,322.171,376.74,40,0,1001
p1343,401.966,290.358,41,1,700
p1385,394.307,300.814,41,0,835
p370,490.326,74.669,34,1,842
p262,357.02,345.129,38,1,1066
p301,327.576,373.535,38,0,999
p1768,281.102,410.354,42,1,753
p1324,406.111,287.297,41,1,697
p283,341.805,361.755,38,1,869
p234,371.565,331.405,38,1,854
p1349,404.151,290.877,41,1,576
p1318,407.996,286.008,41,1,755
p1787,279.12,412.833,42,1,763
p1718,291.202,404.565,42,0,918
p1915,251.255,430.57,42,0,1195
p465,475.537,151.384,39,0,998
p1386,397.963,301.312,41,0,830
p238,370.213,334.867,38,1,852
p1749,287.802,408.291,42,0,882
p1769,284.847,410.361,42,1,904
p1844,271.513,419.377,42,0,986
p401,492.166,86.233,34,0,1218
p362,494.982,70.178,34,1,798
p1703,296.567,402.621,43,1,789
p309,321.474,383.121,40,0,1234
p383,493.7,81.478,34,0,970
p1317,410.708,285.972,41,1,764
p239,371.977,335.02,38,0,1003
p233,376.024,330.619,38,0,1104
p293,339.705,367.928,38,1,837
p1792,283.121,413.349,42,1,886
p1780,285.446,411.998,42,1,946
p308,326.059,381.239,38,0,1360
p395,494.467,84.637,34,0,1101
p379,495.572,78.745,34,1,834
p1957,238.526,441.593,42,0,1528
p479,475.063,162.051,39,1,834
p502,472.289,170.258,39,1,835
p295,340.258,369.252,38,1,913
p507,471.724,172.447,39,1,842
p306,331.361,377.574,38,0,1060
p498,473.044,169.3,39,1,855
p253,368.188,341.876,38,1,958
p493,474.385,166.211,39,1,909
p343,498.974,62.522,34,1,889
p467,479.218,153.336,39,1,870
p268,361.789,349.989,38,0,979
p1823,281.86,417.163,42,1,849
p1956,243.962,440.814,42,0,1423
p1879,271.134,424.855,42,1,902
p1722,300.303,404.822,43,1,759
p292,346.037,366.652,38,1,912
p463,481.596,150.747,39,0,932
p296,343.329,369.994,38,1,915
p274,361.162,352.626,38,0,948
p405,497.048,88.247,34,0,1138
p251,373.097,340.763,38,0,1091
p339,501.55,61.489,34,0,904
p1372,409.412,296.241,41,1,792
p1360,411.84,293.004,41,1,801
p1920,262.219,432.229,42,1,1062
p361,500.674,70.16,34,1,859
p636,458.4,214.958,45,0,1409
p1729,302.855,405.923,43,1,852
p1316,418.201,285.682,41,1,753
p1361,413.243,293.071,41,1,754
p1743,301.158,407.389,43,1,762
p1415,401.52,309.01,41,0,1015
p1731,303.317,405.982,43,0,907
p260,371.168,345.096,38,1,1011
p1267,423.625,278.606,41,0,1193
p351,502.674,67.575,34,1,662
p1411,403.135,307.952,41,0,926
p1384,408.577,300.765,41,1,735
p501,478.121,170.152,39,1,679
p279,362.763,354.907,38,0,1173
p1408,403.957,307.223,41,0,848
p1870,279.992,423.596,42,0,785
p1727,305.999,405.251,43,0,883
p1359,414.844,292.891,41,1,763
p297,347.617,370.365,38,0,872
p1396,407.588,303.313,41,0,784
p1734,305.291,406.215,43,0,830
p535,492.24,127.167,44,0,1022
p1929,264.571,434.546,42,0,967
p1741,305.034,407.174,43,0,845
p1958,251.937,442.055,42,0,1299
p369,503.446,73.822,34,0,892
p1744,304.714,407.514,43,0,822
p1312,421.923,284.761,41,0,896
p512,476.852,179.141,39,0,1039
p354,504.803,68.302,34,1,649
p365,504.405,73.147,34,0,903
p466,486.403,152.427,39,0,855
p1869,283.699,423.558,42,0,903
p1952,258.736,439.333,42,1,1065
p1290,425.464,281.741,41,0,1131
p1943,264.409,436.615,42,0,1026
p1817,295.996,415.991,42,0,957
p304,345.291,376.266,38,0,1048
p488,483.317,164.96,39,1,824
p333,507.47,57.687,34,0,882
p506,480.952,172.104,39,1,758
p514,497.288,116.862,44,0,910
p1395,411.323,303.126,41,0,860
p1941,265.566,436.524,42,0,1029
p1680,319.2,399.345,46,0,1205
p470,487.203,155.054,39,1,842
p1825,295.567,417.203,42,0,1051
p538,494.99,128.921,44,0,986
p545,493.319,135.26,44,0,1315
p1893,281.535,427.357,42,1,942
p278,368.832,354.848,38,0,1565
p482,485.405,162.724,39,1,866
p1932,270.371,434.949,42,0,998
p477,486.966,158.69,39,1,757
p340,508.426,61.924,34,1,819
p299,351.49,372.812,38,0,1174
p282,365.499,359.163,38,0,1368
p1917,277.793,431.339,42,1,1046
p644,464.185,218.974,45,0,1203
p1931,272.937,434.785,42,1,915
p1400,414.359,303.901,41,1,876
p532,498.238,126.197,44,0,801
p347,509.907,64.625,34,1,829
p496,485.908,168.301,39,1,1018
p516,500.45,118.781,44,1,888
p413,506.119,92.784,-1,-1,1295
p1270,432.592,278.896,41,0,1544
p1356,423.479,292.576,41,0,904
p531,499.386,126.144,44,1,743
p621,471.001,209.154,45,1,1030
p471,491.499,155.056,39,1,941
p642,466.888,218.478,45,0,954
p513,482.757,180.824,39,0,1199
p1901,287.307,428.207,42,1,826
p1693,324.707,401.197,46,0,1320
p473,492.554,156.945,39,1,955
p307,349.633,380.861,38,0,1221
p363,512.411,71.274,34,1,772
p1889,293.242,426.633,42,1,938
p474,493.331,157.034,39,1,933
p1750,318.68,408.54,46,0,934
p492,490.836,166.186,39,1,858
p523,503.533,123.134,44,1,568
p515,504.684,118.564,44,1,590
p624,474.655,209.547,45,1,922
p400,511.716,85.906,34,0,1046
p653,469.176,222.122,45,0,957
p1883,297.329,425.654,42,0,964
p348,515.12,66.087,34,1,700
p329,516.314,56.174,34,0,1105
p303,358.554,376.035,38,0,1330
p1831,308.96,417.742,46,1,616
p530,504.129,126.134,44,1,612
p519,506.057,119.873,44,1,581
p394,513.167,84.628,34,0,947
p617,476.785,207.988,45,0,870
p1764,320.522,409.815,46,0,899
p327,517.589,55.822,34,0,1162
p1801,315.492,414.358,46,1,568
p1339,432.953,289.514,47,0,1072
p525,506.288,123.926,44,1,488
p1840,310.619,418.775,46,1,446
p628,476.159,213.082,45,1,703
p1663,338.582,397.027,46,0,1299
p1851,309.1,420.443,46,0,521
p1417,420.457,309.085,41,0,770
p375,516.205,77.533,34,0,828
p1366,431.476,293.868,47,0,923
p1960,272.275,445.758,42,0,1260
p656,472.424,223.374,45,0,877
p1440,416.987,314.997,41,0,859
p1819,315.275,416.778,46,1,554
p613,480.224,206.366,45,0,967
p1934,289.899,435.177,42,0,838
p647,475.069,220.2,45,1,725
p345,519.726,64.114,34,0,712
p1357,434.548,292.794,47,0,928
p337,520.495,60.697,34,0,835
p604,484.479,201.808,45,0,980
p410,517.274,90.571,48,0,783
p399,518.369,85.695,48,0,706
p1951,288.79,438.928,42,0,970
p1856,314.054,421.248,46,1,489
p1448,419.095,316.961,41,0,860
p1724,335.635,405.027,46,0,1000
p517,512.501,118.822,44,0,713
p1428,423.895,311.641,47,0,713
p1945,293.566,436.723,42,0,964
p533,510.951,126.254,44,1,529
p1849,317.028,420.228,46,1,509
p1782,327.692,412.193,46,1,780
p542,509.416,134.11,44,0,774
p1642,350.834,393.015,-1,-1,1090
p1881,311.792,425.296,46,1,502
p521,513.607,120.024,44,0,714
p352,523.466,67.773,34,0,860
p623,484.712,209.501,45,0,805
p651,479.44,221.889,45,1,704
p1698,343.209,401.875,46,0,901
p1884,313,425.869,46,1,492
p682,473.185,235.903,45,0,938
p1866,316.572,423.484,46,1,527
p1407,430.586,307.041,47,1,736
p511,497.729,179.01,39,0,1293
p518,515.358,119.685,44,0,773
p367,524.047,73.32,34,0,784
p1451,421.674,319.72,47,0,769
p409,521.958,89.828,48,0,671
p551,510.183,142.282,44,0,965
p1455,421.076,321.448,47,0,773
p510,499.357,177.083,39,0,1269
p487,504.016,164.453,39,0,1125
p669,477.532,230.323,45,0,838
p1842,325.105,419.289,46,0,670
p1953,297.477,439.6,42,0,898
p480,505.503,162.45,39,0,1149
p1936,303.837,435.479,42,0,872
p1405,433.531,306.699,47,1,702
p1674,351.375,398.205,46,0,1020
p1442,427.267,315.886,47,1,579
p1725,343.935,405.111,46,0,921
p1914,312.424,430.181,46,1,640
p537,516.126,127.973,44,1,683
p1779,336.566,411.77,46,1,845
p544,514.408,135.016,44,0,815
p634,487.013,214.471,45,1,756
p1925,309.701,432.849,46,0,787
p1955,298.536,440.791,42,0,1049
p404,525.191,87.662,48,1,536
p381,526.738,80.445,48,1,600
p1426,432.437,311.366,47,1,617
p635,487.71,214.871,45,1,753
p1887,319.669,426.467,46,1,561
p406,525.932,88.422,48,1,554
p1462,424.367,323.119,47,1,684
p1376,443.069,298.013,47,0,847
p1399,439.555,303.691,47,1,681
p504,506.497,171.391,39,0,1351
p382,528.601,80.789,48,1,599
p1672,357.426,398.042,46,0,958
p1783,341.677,412.277,46,1,749
p1422,436.883,310.057,47,1,705
p414,527.511,93.643,48,0,725
p663,485.69,226.433,45,0,728
p1835,335.207,418.16,46,1,781
p397,529.089,85.565,48,1,546
p1918,317.931,431.572,46,0,573
p553,516.698,142.955,44,0,741
p388,529.99,82.646,48,1,687
p1865,330.035,422.856,46,1,737
p1907,321.488,429.445,46,1,661
p609,496.092,204.783,45,0,1115
p1631,368.282,390.461,49,0,892
p1667,361.969,397.622,-1,-1,1016
p676,484.317,233.798,45,1,773
p546,520.422,137.28,44,1,692
p393,531.936,83.234,48,1,654
p1429,438.943,311.816,47,1,604
p1465,430.045,324.215,47,1,801
p534,523.702,126.337,44,0,719
p679,484.92,235.709,45,0,734
p1854,337.386,421.004,46,1,784
p549,521.854,138.206,44,1,729
p692,482.31,243.418,45,0,841
p660,491.164,225.738,45,1,697
p626,497.611,211.97,45,0,798
p1775,351.67,410.951,46,1,841
p1452,435.218,321.225,47,0,672
p654,493.109,222.595,45,1,742
p1436,441.051,313.418,47,1,606
p1431,442.157,311.945,47,1,609
p1371,453.35,295.523,47,0,1040
p1369,453.706,295.165,47,0,1040
p1475,429.271,329.775,47,0,843
p1933,322.39,435.133,46,0,814
p1924,325.985,432.681,46,0,826
p1460,435.536,322.356,47,0,746
p396,535.227,85.103,48,0,665
p387,536.043,82.472,48,0,721
p548,524.935,138.144,44,1,659
p648,496.267,220.2,45,1,674
p1877,338.379,424.652,46,0,778
p620,501.173,209.049,45,0,951
p1616,381.522,386.891,49,0,728
p1712,364.009,403.632,46,0,944
p695,485.006,245.823,45,0,1018
p1626,380.181,389.217,49,0,648
p1618,382.863,386.952,49,0,672
p1940,325.641,436.469,46,0,979
p547,527.298,137.36,44,1,550
p685,490.594,237.163,45,1,678
p1441,444.98,315.303,47,1,704
p411,537.606,91.828,48,0,811
p566,523.439,153.221,44,0,935
p557,525.507,146.165,44,1,615
p1434,447.133,312.509,47,1,640
p1885,340.875,426.126,46,0,870
p1654,377.197,395.342,49,1,614
p689,489.75,242.396,45,0,726
p1617,386.21,386.943,49,1,645
p659,498.585,224.761,45,1,570
p1828,353.395,417.424,46,0,833
p526,532.535,124.963,44,1,569
p696,489.089,246.34,45,0,941
p1591,392.807,381.579,49,0,713
p1858,349.701,421.652,46,0,788
p673,496.519,231.653,45,1,596
p1474,438.462,328.804,47,0,852
p554,528.705,144.861,44,0,689
p556,528.51,145.594,44,0,666
p540,532.113,131.972,44,1,587
p1776,363.075,411.015,46,0,793
p1837,354.632,418.37,46,0,890
p1681,375.708,399.624,49,0,738
p1922,337.756,432.272,46,0,859
p536,533.889,127.493,44,1,577
p559,528.385,149.093,44,0,741
p1446,449.315,316.324,47,1,616
p658,501.681,224.604,45,1,639
p527,535.374,124.987,44,1,596
p1432,452.978,312.366,47,1,713
p541,534.042,133.423,44,1,630
p1593,396.336,382.252,49,0,757
p1668,380.704,397.84,49,1,497
p1661,382.259,396.419,49,1,474
p528,536.336,125.359,44,1,498
p1485,435.936,336.962,47,0,793
p1418,456.877,309.287,47,1,790
p1419,456.952,309.309,47,1,790
p1638,387.72,392.743,49,1,524
p691,495.831,242.586,45,1,756
p655,504.879,223.245,45,1,733
p1398,461.43,303.426,47,0,1001
p1916,344.933,431.301,46,0,1028
p543,535.72,134.304,44,1,647
p524,538.449,123.666,44,1,657
p1421,457.56,309.871,47,0,837
p1592,399.774,381.619,49,0,886
p1596,398.408,383.121,49,0,831
p1612,395.719,386.118,49,0,688
p1571,405.21,376.181,49,0,1079
p1791,367.371,413.262,49,0,850
p1675,383.83,398.269,49,1,546
p664,505.801,227.197,45,1,693
p668,505.328,229.27,45,0,634
p1506,434.374,345.867,50,0,822
p657,508.167,224.352,45,1,624
p1629,395.41,390.354,49,1,572
p522,542.261,121.323,44,0,856
p1514,431.13,350.641,50,0,778
p683,503.429,236.263,45,0,665
p1509,433.06,348.892,-1,-1,723
p1695,384.84,401.565,49,1,552
p1438,459.358,313.731,47,0,702
p529,541.956,125.614,44,0,648
p1508,435.825,347.081,50,0,709
p571,535,155.746,44,0,998
p1495,440.528,341.442,50,0,718
p1527,429.494,355.828,50,0,818
p639,514.639,216.942,45,0,800
p1692,389.044,400.936,49,0,429
p1537,427.076,360.605,-1,-1,863
p1699,388.29,402.187,49,0,481
p1876,363.769,424.607,49,0,805
p697,502.585,246.657,45,0,854
p667,511.198,229.151,45,1,540
p687,506.602,239.498,45,0,617
p1503,441.551,345.23,50,0,558
p1873,366.829,424.024,49,0,789
p1471,456.158,326.245,47,0,763
p1786,380.025,412.558,49,0,633
p1647,399.452,393.855,49,1,600
p1480,450.655,334.172,52,0,838
p1550,422.702,368.899,-1,-1,923
p1469,458.212,325.358,47,0,765
p1719,390.223,404.643,49,1,588
p569,540.728,154.218,51,0,737
p1547,425.996,367.085,53,0,889
p1862,371.817,422.008,49,1,629
p637,520.077,215.482,45,0,954
p1800,381.669,414.33,49,1,692
p1728,390.917,405.78,49,1,649
p1557,424.841,370.183,53,0,850
p1662,400.564,396.719,49,1,603
p1846,377.046,419.455,49,1,562
p1570,420.762,375.909,53,0,905
p1715,394.043,403.837,49,0,607
p1450,466.399,317.743,47,1,821
p520,551.669,119.94,44,0,1312
p698,507.542,247.408,45,0,725
p565,543.797,153.217,51,0,650
p1807,383.414,415.2,49,0,770
p665,517.547,227.273,45,0,667
p662,518.744,226.107,45,0,756
p701,508.916,248.813,51,0,825
p552,548.844,142.901,51,0,1005
p1861,378.984,422.004,49,0,743
p1843,382.581,419.315,49,0,1051
p550,550.427,140.703,44,0,1105
p1890,375.438,426.635,49,0,954
p1607,418.134,384.903,49,0,993
p1711,400.29,403.583,49,1,623
p1534,440.322,359.597,50,1,644
p678,517.963,234.854,45,0,814
p558,549.351,147.794,51,0,848
p1520,446.78,353.006,50,1,507
p1528,443.649,356.951,50,1,363
p1518,446.941,352.849,50,1,518
p1516,447.728,352.005,50,1,552
p684,518.412,236.544,45,0,792
p1643,412.508,393.212,49,1,781
p702,512.989,248.855,51,1,662
p1479,462.812,333.131,52,1,812
p1530,444.773,357.025,50,1,374
p1841,387.325,418.898,49,0,973
p629,529.146,213.374,51,0,970
p1689,406.533,400.324,49,1,846
p1472,467.677,326.964,47,0,969
p539,556.017,129.036,44,0,1336
p1513,450.58,350.598,50,0,675
p1676,409.073,398.274,49,1,724
p652,526.415,221.976,51,0,832
p630,530.331,213.716,51,0,988
p1678,410.204,399.163,49,1,740
p1701,407.202,402.33,49,1,808
p1535,445.592,359.608,50,1,473
p1543,442.663,363.271,50,0,749
p1483,464.485,335.525,52,1,889
p1533,447.278,359.067,50,1,465
p1602,426.936,383.646,53,0,790
p1519,452.782,353.004,50,0,710
p1581,431.754,378.545,53,0,771
p693,519.888,244.016,51,1,726
p581,549.795,166.147,51,0,761
p576,551.34,161.382,51,1,669
p1454,476.266,321.411,47,0,1189
p1745,405.399,407.597,49,0,837
p573,553.231,157.644,51,1,765
p577,552.228,161.539,51,1,634
p575,552.675,160.487,51,1,611
p579,551.871,163.963,51,1,601
p585,550.489,169.343,51,0,738
p1540,448.514,361.48,50,1,618
p564,555.511,152.813,51,0,794
p572,554.604,156.498,51,1,713
p1585,433.499,379.803,53,1,730
p1502,461.818,344.828,52,0,943
p1650,420.05,394.812,49,0,758
p643,533.306,218.951,51,0,872
p1646,421.458,393.757,49,0,822
p711,517.344,255.757,51,0,873
p1623,427.456,388.137,53,1,633
p1789,403.768,412.856,49,0,935
p627,537.191,211.979,51,0,774
p706,519.289,252.735,51,1,679
p568,557.155,153.821,51,1,685
p1497,464.897,343.644,52,0,956
p1498,465.009,343.714,52,1,967
p1664,420.547,397.059,49,0,794
p1582,437.278,378.593,53,1,592
p694,524.336,245.015,51,1,685
p592,548.741,185.141,51,0,1040
p686,528.082,237.987,51,1,720
p1584,438.268,378.901,53,0,529
p618,540.551,208.51,51,1,708
p666,532.845,227.692,51,1,706
p708,520.838,254.256,51,0,694
p703,523.074,250.801,51,1,662
p681,530.053,235.845,51,0,738
p1658,424.151,396.003,49,0,799
p641,537.99,217.917,51,1,633
p707,522.247,253.701,51,1,663
p605,544.398,202.037,51,0,731
p601,545.792,198.292,51,0,730
p1476,478.2,329.863,47,0,1096
p680,531.058,235.723,51,0,794
p1548,450.208,367.423,50,0,596
p607,544.523,203.247,51,0,666
p649,537.621,221.068,51,1,645
p1610,435.048,385.943,53,1,536
p1486,474.028,337.023,52,1,810
p1816,407.023,415.673,49,0,1043
p671,534.237,231.182,51,1,792
p583,557.805,167.451,51,1,623
p1572,444.529,376.501,53,0,641
p606,546.15,202.697,51,1,649
p1560,449.539,370.556,50,0,667
p688,530.871,239.966,51,1,725
p1606,437.593,384.646,53,1,532
p610,545.515,205.062,51,1,639
p1580,444.084,377.758,53,0,640
p1659,428.045,396.207,53,1,688
p710,524.593,254.965,51,1,764
p699,528.185,247.661,51,1,719
p1569,446.385,375.791,53,1,686
p561,564.062,150.091,51,1,807
p584,559.049,168.661,51,1,652
p1575,446.2,376.875,53,1,717
p1492,475.227,339.598,52,1,924
p1634,433.946,391.346,53,1,617
p1608,439.894,385.014,53,1,595
p1777,415.817,411.583,49,0,1011
p1628,436.547,389.647,53,1,742
p1538,460.865,360.605,53,0,846
p1630,436.104,390.371,53,1,718
p580,561.421,166.072,51,1,746
p1563,451.784,372.544,53,1,665
p596,554.133,189.464,51,0,928
p1521,467.267,353.183,52,0,883
p1633,435.992,391.306,53,1,620
p589,558.492,176.966,51,0,852
p646,543.334,219.389,51,1,876
p590,558.076,183.121,51,1,930
p1562,455.02,371.707,53,1,662
p1707,427.567,403.036,53,0,981
p574,565.622,159.177,51,1,784
p616,549.936,207.559,51,1,590
p600,554.855,194.481,51,0,800
p570,567.029,155.564,51,1,808
p582,563.976,166.47,51,1,801
p675,539.702,233.506,51,1,882
p1635,437.983,392.456,53,0,719
p578,565.391,162.42,51,1,848
p1510,473.169,349.682,52,0,889
p638,547.348,216.15,51,0,755
p562,569.252,150.45,51,0,865
p586,563.571,171.008,51,0,906
p1489,481.873,338.631,52,0,1166
p611,552.079,205.232,51,1,568
p1552,459.782,369.416,53,1,670
p645,547.947,218.987,51,0,856
p704,534.594,252.169,51,0,826
p1601,449.901,383.51,53,0,694
p650,548.078,221.696,51,0,785
p1549,463.023,367.791,53,1,600
p614,554.335,206.42,51,1,594
p622,553.659,209.159,51,1,570
p599,560.184,192.29,51,1,821
p587,565.895,174.816,51,1,727
p674,545.041,233.072,51,0,875
p700,538.825,248.077,51,0,890
p612,556.428,205.593,51,1,618
p608,557.549,203.253,51,1,639
p1574,458.636,376.864,53,1,599
p555,575.8,145.081,51,0,1266
p560,574.776,149.666,51,0,1136
p1611,452.215,385.959,53,0,705
p1554,465.469,369.922,53,1,518
p677,546.902,233.832,51,0,893
p1564,463.597,372.888,53,1,514
p1586,457.91,379.863,53,0,650
p1522,479.124,353.347,52,0,1002
p1541,472.407,362.644,53,1,557
p603,560.626,201.339,51,1,632
p705,540.102,252.257,51,0,1036
p1644,448.146,393.502,53,0,789
p1531,476.866,358.237,53,0,911
p567,577.096,153.561,51,0,1042
p1555,468.761,370.088,53,1,568
p1546,471.83,366.58,53,1,581
p709,541.399,254.555,51,0,1086
p1545,474.53,364.429,53,0,626
p595,568.308,189.231,51,1,655
p597,568.75,190.522,51,0,565
p563,580.529,152.58,51,0,1151
p631,560.98,214.079,51,1,401
p1565,470.532,373.245,53,0,492
p594,571.288,186.591,51,0,493
p591,572.341,183.795,51,0,593
p593,571.997,185.255,51,0,604
p632,562.351,214.13,51,0,410
p690,551.065,242.547,51,0,776
p672,555.919,231.33,51,0,757
p661,558.66,226.102,51,0,500
p2627,520.891,303.156,54,0,660
p633,564.375,214.272,51,0,475
p2619,524.605,299.439,54,0,698
p2568,535.18,281.514,54,0,526
p588,578.552,176.176,51,0,709
p670,559.487,230.512,51,0,584
p598,574.234,191.904,51,0,539
p615,569.615,206.821,51,0,419
p2673,511.288,325.661,54,0,484
p602,573.339,199.37,51,0,475
p2617,529.14,298.157,54,0,543
p625,570.022,209.903,51,0,465
p619,570.595,208.906,51,0,478
p2671,513.127,325.576,54,0,445
p2576,538.109,282.559,54,0,445
p2684,506.014,336.845,54,0,369
p2679,510.187,332.044,54,0,379
p2625,528.668,302.446,54,0,508
p640,568.922,217.769,51,0,644
p2585,537.23,287.784,54,0,423
p2714,496.813,353.348,54,0,647
p2664,519.322,320.204,54,0,475
p2609,535.768,295.254,54,1,419
p2662,521.94,319.312,54,1,432
p2560,544.102,280.259,54,1,322
p2692,507.298,343.141,54,1,318
p2613,536.682,296.948,54,1,453
p2636,531.641,306.148,54,0,453
p2726,496.355,360.734,54,0,822
p2701,506.282,347.256,54,0,432
p2707,505.591,349.722,54,1,457
p2550,550.221,276.31,54,0,543
p2666,525.257,321.555,54,0,543
p2710,506.8,351.681,54,1,431
p2554,551.227,277.835,54,0,488
p2686,516.405,338.377,54,1,453
p2589,545.758,289.376,54,1,467
p2638,536.437,306.857,54,1,534
p2675,524.815,326.561,54,1,462
p2562,551.038,280.461,54,1,485
p2689,516.175,340.423,54,0,509
p2579,550.033,283.092,54,1,386
p2688,516.866,340.122,54,0,498
p2657,532.48,316.115,54,1,541
p2700,512.998,347.134,54,1,341
p2663,530.896,320.019,54,1,563
p2668,529.494,322.42,54,1,519
p2691,516.709,342.967,54,1,441
p2683,521.398,336.101,54,1,474
p2611,545.803,295.735,54,1,488
p2573,553.029,282.259,54,1,473
p2544,558.108,272.722,54,0,530
p2588,550.336,288.853,54,1,527
p2678,526.977,329.825,54,1,655
p2723,509.195,357.335,54,1,590
p2595,549.662,291.402,54,0,607
p2574,554.812,282.421,54,1,523
p2718,512.512,354.649,54,1,510
p2377,604.735,150.861,56,0,1344
p2605,549.789,294.089,54,0,634
p2389,602.53,160.501,56,0,1184
p2640,542.73,307.096,54,1,602
p2317,616.468,94.085,55,0,1349
p2711,514.726,352.324,54,1,534
p2706,517.124,348.839,54,1,620
p2680,527.642,333.275,54,0,652
p2633,545.118,305.189,54,1,564
p2322,616.289,102.478,56,0,1453
p2355,610.536,132.741,56,0,1075
p2331,613.896,117.119,56,0,1022
p2731,508.735,364.085,54,0,839
p2308,619.365,89.899,55,0,1110
p2717,515.737,354.633,54,0,680
p2407,602.919,169.31,56,0,1400
p2555,561.011,278.402,54,1,641
p2542,563.985,272.66,54,0,1004
p2357,612.218,134.758,56,0,1195
p2682,530.679,334.881,54,1,651
p2539,566.779,270.141,54,0,1386
p2653,543.406,314.782,54,0,764
p2341,615.776,123.529,56,0,847
p2635,548.781,305.562,54,1,663
p2659,542.344,317.173,54,0,876
p2693,526.655,343.227,54,1,703
p2626,550.772,303.124,54,1,574
p2656,543.885,315.921,54,0,871
p2428,601.317,184.681,57,0,1280
p2740,507.817,371.655,54,0,1317
p2567,563.615,281.11,54,0,837
p2618,554.264,299.127,54,1,644
p2672,539.567,325.635,54,0,1022
p2388,609.945,158.653,56,0,1028
p2769,497.011,388.034,58,0,2079
p2347,617.471,127.921,56,0,710
p2730,514.931,364.027,54,1,938
p2681,535.357,333.618,54,0,889
p2434,602.679,187.337,57,0,1161
p2632,552.828,304.859,54,1,708
p2629,553.389,304.069,54,1,686
p2715,523.78,353.627,54,0,916
p2630,554.076,304.111,54,1,664
p2354,618.195,132.638,56,0,870
p2442,601.576,194.947,57,0,1033
p2591,562.703,289.468,54,0,952
p2646,551.375,310.51,54,1,808
p2572,566.374,282.239,54,0,1030
p2620,557.589,299.657,54,1,820
p2695,531.384,344.036,54,0,1010
p2297,628.01,79.848,55,0,998
p2566,567.411,281.058,54,0,1075
p2373,615.64,148.389,56,0,1107
p2677,542.555,326.774,54,0,1234
p2690,533.031,342.258,54,1,890
p2294,628.895,77.097,55,0,1071
p2757,506.593,380.706,58,0,1685
p2455,601.033,200.945,57,0,1065
p2358,619.071,135.846,56,0,1058
p2406,611.298,168.946,56,0,1083
p2305,628.277,87.093,55,1,770
p2705,530.543,347.717,54,1,746
p2440,604.409,193.249,57,0,870
p2742,514.38,372.154,54,0,1401
p2698,532.63,346.463,54,0,888
p2779,500.079,392.084,58,0,1887
p2339,623.795,121.7,56,1,744
p2598,564.464,292.351,54,0,1003
p2336,624.272,120.167,56,1,876
p2352,622.163,130.69,56,1,962
p2300,630.515,81.439,55,1,919
p2379,617.633,151.196,56,0,1119
p2435,607.416,188.377,57,0,904
p2621,560.629,300.508,54,1,883
p2735,518.741,368.731,54,0,1091
p2330,626.31,113.467,56,0,1195
p2315,629.853,94.01,55,0,1205
p2694,537.073,343.324,54,0,1047
p2722,528.132,357.187,54,0,1082
p2545,576.439,273.065,-1,-1,1560
p2332,626.995,117.563,56,1,1125
p2345,625.508,125.495,56,1,807
p2310,631.953,90.276,55,1,972
p2382,619.496,154.315,56,1,1019
p2601,566.964,293.507,54,0,1071
p2708,533.873,350.12,54,1,869
p2432,610.704,186.45,57,1,1006
p2410,615.414,170.371,56,1,1029
p2325,629.751,106.066,55,0,1535
p2665,551.946,321.267,54,0,1046
p2298,633.666,80.951,55,1,930
p2628,562.2,303.45,54,1,928
p2812,497.553,400.884,58,0,2113
p2350,625.735,129.76,56,1,863
p2458,605.49,204.686,57,0,925
p2301,633.983,81.757,55,1,856
p2600,567.92,293.421,54,0,1150
p2727,526.393,362.78,54,1,928
p2334,628.444,118.015,56,1,1189
p2303,633.844,84.471,55,1,847
p2485,598.838,224.764,57,0,1556
p2411,616.396,170.894,56,1,1007
p2721,531.92,355.585,54,1,847
p2444,609.228,195.754,57,1,835
p2431,612.437,185.931,57,0,1065
p2490,598.718,226.987,57,0,1652
p2453,608.58,199.304,57,1,768
p2299,635.234,81.065,55,1,952
p2348,627.604,129.176,56,1,938
p2292,637.159,73.381,55,1,1070
p2685,544.957,338.278,54,0,1382
p2469,605.976,211.04,57,0,1015
p2385,622.555,155.503,56,1,1000
p2399,620.159,165.072,56,1,1041
p2744,522.716,372.396,54,0,1568
p2396,620.534,164.019,56,1,956
p2313,635.287,92.205,55,1,1146
p2720,535.007,354.879,54,1,1087
p2661,557.155,319.103,54,0,1217
p2409,619.291,169.777,56,1,995
p2369,625.444,145.547,56,0,1110
p2631,565.244,304.849,54,0,1061
p2514,590.237,253.125,61,0,1733
p2289,638.429,69.833,55,0,1524
p2457,609.127,204.111,57,1,724
p2502,595.235,241.921,61,0,1998
p2433,615.151,186.791,57,0,1274
p2398,621.702,164.641,56,1,962
p2468,607.942,210.84,57,1,897
p2392,622.699,162.277,56,1,911
p2543,582.921,272.69,60,0,1657
p2477,604.556,220.79,57,1,978
p2593,574.252,290.973,60,0,1141
p2612,571.74,296.147,54,0,1191
p2750,522.372,376.576,54,0,1635
p2343,631.923,124.434,56,1,936
p2645,564.544,310.094,54,1,969
p2667,557.719,322.275,54,0,1497
p2421,618.682,179.581,56,0,1154
p2482,604.254,223.408,57,0,1123
p2447,613.66,196.166,57,1,1079
p2452,613.055,198.557,57,0,1100
p2378,626.521,150.995,56,1,934
p2641,566.065,308.456,54,1,992
p2738,527.74,370.741,54,0,1079
p2716,539.062,354.104,54,0,1091
p2386,625.851,156.341,56,1,1029
p2728,533.479,362.868,54,1,1055
p2459,611.829,204.873,57,1,755
p2660,561.695,317.556,54,1,1045
p2367,628.99,145.241,56,0,1265
p2451,614.3,198.526,57,1,1124
p2670,558.038,324.983,54,0,1490
p2383,627.27,154.611,56,1,1033
p2475,608.146,219.188,57,1,846
p2291,642.615,70.236,55,0,1560
p2729,534.698,363.307,54,1,1115
p2374,629.251,148.398,56,1,1191
p2801,509.624,398.128,58,1,1383
p2739,529.853,371.235,54,1,1076
p2473,610.153,215.188,57,1,965
p2466,612.316,209.244,57,1,889
p2403,624.875,168.281,56,1,1093
p2472,610.961,213.425,57,0,1041
p2615,574.955,297.113,54,0,1074
p2371,630.689,145.696,56,0,1294
p2483,607.289,224.486,57,1,1019
p2309,641.343,90.272,55,0,1226
p2351,634.514,130.263,56,0,1350
p2430,620.703,185.233,57,0,1390
p2461,614.423,205.113,57,1,975
p2329,637.992,112.942,56,1,1332
p2565,583.927,280.909,60,0,1180
p2512,597.123,251.997,61,0,1357
p2356,634.382,133.032,56,0,1272
p2536,590.664,267.344,60,0,1488
p2307,642.5,87.839,55,0,1158
p2328,639.052,110.412,56,0,1431
p2486,608.264,225.201,57,1,1134
p2709,546.092,350.246,59,1,1278
p2349,636.495,129.319,56,0,1351
p2558,586.251,279.724,60,0,1094
p2703,549.046,347.325,59,1,1241
p2489,609.06,226.166,57,1,1171
p2304,644.083,85.89,55,1,1117
p2702,549.219,347.288,59,1,1230
p2833,507.08,406.499,58,0,1478
p2507,602.706,243.216,61,0,1710
p2808,512.329,399.97,58,1,1223
p2429,623.263,184.972,-1,-1,1386
p2699,549.928,346.87,59,1,1270
p2674,562.505,326.106,54,0,1371
p2676,562.334,326.591,54,0,1325
p2719,545.246,354.684,54,0,1273
p2733,536.211,368.434,54,1,966
p2697,551.8,344.665,59,1,1246
p2290,646.873,70.219,55,0,1757
p2634,574.787,305.203,54,1,1018
p2293,646.356,76.271,55,0,1205
p2597,581.772,291.836,60,1,603
p2658,568.736,316.53,54,1,924
p2644,572.642,309.685,54,1,917
p2651,570.477,313.669,54,1,1038
p2321,643.042,102.249,55,0,1336
p2594,582.679,290.978,60,1,488
p2787,518.845,393.922,58,1,1148
p2648,572.525,310.948,54,1,929
p2669,565.606,323.526,54,0,1120
p2541,592.434,271.299,60,0,1142
p2803,515.617,398.462,58,1,1094
p2587,584.461,288.812,60,1,658
p2397,630.962,164.268,56,0,992
p2768,524.271,387.662,58,0,1673
p2460,619.031,205.036,57,1,1102
p2311,645.859,90.376,55,1,1156
p2569,588.253,281.569,60,0,990
p2532,596.028,264.929,61,0,1346
p2346,640.05,125.601,56,1,1239
p2364,636.913,141.899,56,1,1227
p2479,613.606,222.104,57,1,986
p2724,545.841,357.713,54,0,1200
p2800,517.716,397.381,58,1,1152
p2548,592.685,274.15,60,0,1144
p2603,583.331,293.777,60,1,599
p2529,598.192,262.925,61,0,1114
p2655,572.385,315.254,54,0,1114
p2420,628.554,179.042,56,0,1251
p2590,586.055,289.412,60,1,577
p2741,537.48,372.144,54,1,1053
p2296,648.93,79.587,55,0,1149
p2470,618.437,212.16,57,0,1143
p2324,645.295,105.293,55,0,1439
p2650,573.861,313.341,54,1,966
p2480,615.063,222.315,57,1,1011
p2592,585.755,290.904,60,1,554
p2607,583.83,294.789,60,1,644
p2405,631.85,168.909,56,0,1180
p2687,559.536,338.844,59,0,1446
p2604,584.405,294.012,60,1,608
p2826,514.003,404.715,58,1,983
p2623,580.291,302.288,54,0,988
p2445,624.375,196.041,57,0,1225
p2522,600.872,260.058,61,1,970
p2365,639.199,142.088,56,0,1358
p2606,585.28,294.418,60,1,610
p2732,544.336,365.089,54,1,1062
p2575,591.563,282.493,60,1,922
p2584,589.273,287.346,60,1,898
p2527,600.762,262.49,61,1,1179
p2599,586.942,292.405,60,1,567
p2448,625.616,196.519,57,0,1271
p2391,635.719,161.542,56,0,1203
p2748,537.858,375.534,54,0,1205
p2704,556.37,347.521,59,1,1141
p2306,650.184,87.129,55,1,1104
p2637,580.045,306.605,54,1,1116
p2743,540.382,372.201,54,1,1073
p2323,648.069,102.873,55,0,1365
p2326,647.14,108.757,56,1,1345
p2372,639.847,146.073,56,1,1169
p2302,651.337,82.528,55,1,1143
p2465,623.037,207.234,57,0,1244
p2926,496.552,429.749,63,0,2162
p2515,606.155,253.36,61,1,1216
p2314,650.558,92.824,55,1,1188
p2902,503.099,423.039,58,0,1754
p2696,559.947,344.313,59,0,1584
p2419,632.65,178.971,62,0,1273
p2639,581.364,307.078,54,1,1081
p2393,637.024,162.813,62,0,1271
p2498,613.143,237.416,57,0,1394
p2511,608.849,248.307,61,1,1279
p2734,544.616,368.465,54,1,978
p2488,617.815,225.705,57,1,1197
p2831,517.442,406.077,58,1,1001
p2806,523.036,399.07,58,0,1102
p2384,639.284,155.42,56,0,1329
p2777,528.987,391.381,58,0,1522
p2295,653.458,77.615,55,0,1621
p2312,652.053,90.481,55,1,1114
p2340,646.952,121.884,56,0,1399
p2561,596.122,280.357,60,1,1112
p2337,647.534,121.18,56,0,1398
p2643,581.997,309.537,54,1,1138
p2366,643.383,143.582,56,0,1373
p2866,513.46,413.998,58,0,1032
p2614,588.979,296.993,54,0,903
p2751,541.593,376.772,54,0,1200
p2333,649.304,117.694,56,1,1310
p2395,639.365,163.731,62,0,1060
p2363,644.799,141.261,56,0,1263
p2888,509.088,420.189,58,0,1617
p2596,592.2,291.789,60,0,899
p2503,614.255,242.22,57,0,1464
p2519,607.867,257.979,61,1,892
p2394,639.967,162.975,62,1,1091
p2792,529.239,395.06,58,0,1294
p2838,519.845,408.173,58,1,879
p2824,523.135,404.033,58,1,880
p2441,632.028,194.416,62,0,1383
p2478,623.087,221.653,57,0,1145
p2622,588.882,301.082,54,1,1004
p2424,636.046,181.612,62,0,1193
p2505,615.254,243.125,57,0,1418
p2533,605.868,266.005,61,1,856
p2736,549.438,368.815,54,0,1356
p2500,617.003,239.865,57,0,1471
p2534,606.284,266.339,61,1,911
p2713,560.466,353.041,59,0,1483
p2342,650.71,123.953,56,0,1488
p2387,643.606,156.761,56,0,1148
p2353,649.648,131.033,56,1,1169
p2518,611.046,256.673,61,0,1077
p2581,598.586,284.883,60,0,999
p2580,598.961,284.439,60,0,1045
p2745,547.908,373.611,54,0,1028
p2850,521.159,410.444,58,1,806
p2319,655.865,99.736,55,0,1285
p2450,633.093,198.324,62,1,1327
p2487,623.982,225.693,57,0,1191
p2338,652.477,121.476,56,0,1356
p2582,599.292,285.253,60,0,1034
p2528,609.641,262.757,61,1,965
p2570,601.208,281.781,60,1,898
p2464,631.138,206.869,57,0,1257
p2549,604.825,274.538,60,0,1127
p2752,546.888,377.032,54,0,1072
p2381,646.492,152.897,56,0,1184
p2712,563.16,352.825,59,0,1639
p2427,638.731,183.472,62,0,1124
p2737,552.761,369.18,54,0,1379
p2380,647.191,152.708,56,1,1261
p2858,522.187,411.914,58,1,758
p2880,518.294,416.867,58,1,975
p2520,612.879,258.661,61,0,1078
p2857,522.47,411.807,58,1,745
p2910,510.521,426.533,58,0,1244
p2939,505.11,432.984,63,0,1377
p2426,639.708,183.47,62,1,1075
p2327,656.369,110.216,56,0,1411
p2467,631.43,210.478,62,0,1344
p2413,642.844,172.614,62,1,923
p2840,525.329,408.777,58,1,694
p2547,606.928,273.56,60,0,1101
p2642,589.452,309.517,54,0,1169
p2320,658.268,100.376,55,0,1455
p2361,651.528,138.403,56,1,1124
p2418,642.241,176.611,62,0,908
p2454,635.52,199.74,62,1,1153
p2481,627.911,223.012,57,0,1366
p2318,659.341,96.81,55,0,1602
p2654,587.403,314.782,54,0,1442
p2608,597.681,294.973,60,0,1104
p2861,523.594,412.541,58,1,793
p2412,644.034,172.01,62,1,976
p2762,544.506,384.68,54,0,1464
p2423,641.56,181.521,62,0,1011
p2804,534.354,398.824,-1,-1,1259
p2417,643.42,175.624,62,1,922
p2492,625.301,232.053,57,1,1239
p2889,517.639,420.626,58,0,1082
p2438,638.975,191.449,62,1,1013
p2501,621.991,241.452,57,0,1269
p2788,538.624,394.299,64,0,1537
p2316,660.985,94.011,55,0,1651
p2375,650.806,149.221,56,1,1084
p2531,613.565,264.571,61,0,1093
p2583,603.992,287.038,60,1,948
p2443,640.128,195.589,62,1,1169
p2471,634.796,212.666,62,0,1405
p2647,592.919,310.886,54,0,1318
p2553,609.564,277.599,60,0,977
p2474,633.422,218.453,-1,-1,1434
p2725,564.763,360.585,59,0,1672
p2402,648.855,167.315,62,1,891
p2344,658.523,125.339,56,1,1130
p2652,592.084,314.374,54,0,1316
p2476,633.557,219.878,57,0,1336
p2844,531.025,409.594,58,0,866
p2504,625.158,242.82,57,1,1085
p2834,532.885,407.271,58,0,976
p2957,508.218,438.065,63,0,1091
p2335,660.578,118.683,56,0,1538
p2649,593.848,312.823,54,0,1386
p2556,610.315,279.406,60,1,850
p2624,599.632,302.326,54,0,1145
p2401,650.876,165.404,62,0,973
p2878,527.026,416.579,58,1,860
p2852,531.474,410.911,58,0,825
p2414,649.544,172.643,62,1,729
p2408,650.435,169.443,62,1,829
p2807,540.774,399.332,58,0,1168
p2521,620.419,259.859,60,0,1037
p2616,603.368,297.967,60,0,1210
p2360,658.723,138.197,56,0,1171
p2610,604.995,295.599,60,0,1077
p2495,631.229,234.764,57,1,1082
p2509,626.823,247.105,57,0,1145
p2376,656.952,150.523,56,0,1106
p2416,651.132,174.202,62,1,632
p2791,546.581,395.05,64,0,1127
p2368,658.936,145.456,56,0,1195
p2546,617.069,273.229,60,0,803
p2963,511.816,439.857,63,1,905
p2446,645.81,196.052,62,1,1085
p2436,647.937,189.06,62,1,805
p2960,512.791,438.881,63,1,894
p2936,519.073,431.995,63,1,911
p2827,540.47,405.085,58,0,805
p2404,654.176,168.852,62,0,866
p2586,611.121,288.272,60,0,976
p2370,659.866,145.636,56,0,1252
p2559,615.035,280.036,60,1,945
p2943,518.055,433.979,63,1,857
p2577,614.086,282.568,60,0,931
p2513,627.196,252.452,57,0,1033
p2362,661.357,140.724,56,0,1298
p2449,646.799,197.472,62,1,1138
p2948,517.953,434.911,63,1,704
p2746,563.812,373.659,64,0,1115
p2516,626.671,254.995,57,0,991
p2359,662.65,136.899,56,0,1442
p2853,537.59,410.962,58,1,555
p2390,657.65,160.602,56,0,1077
p2552,618.024,277.472,60,1,824
p2602,610.904,293.739,60,0,1140
p2766,557.014,386.488,64,1,953
p2497,636.19,236.904,57,1,907
p2425,653.977,182.634,62,0,880
p2759,560.103,383.985,64,1,675
p2981,514.101,444.018,63,0,889
p2749,566.252,376.006,64,0,953
p2882,536.556,417.417,58,1,630
p2439,651.958,192.903,62,0,915
p2415,657.885,173.242,62,1,705
p2793,553.648,395.396,64,1,844
p2847,543.174,409.724,58,1,657
p2493,639.147,233.532,57,1,1016
p2422,656.563,179.591,62,0,868
p2540,624.628,270.96,60,1,731
p2946,524.43,434.446,63,0,778
p2783,556.283,393.042,64,0,786
p2517,631.705,255.064,60,1,773
p2578,619.945,283.01,60,1,645
p2942,526.011,433.833,63,0,855
p2867,541.81,414.169,58,1,487
p2758,564.637,382.724,64,1,578
p2484,644.213,224.599,57,0,996
p2400,662.146,165.24,62,0,951
p2747,570.276,374.89,64,0,888
p2982,518.556,444.059,63,1,745
p2790,557.228,394.627,64,1,731
p2772,561.196,389.205,64,0,598
p2864,543.677,413.373,58,1,531
p2456,652.831,202.27,62,0,1194
p2961,523.964,438.922,63,1,674
p2914,534.138,427.444,58,0,909
p2932,531.421,430.824,58,0,887
p2872,544.225,414.718,58,1,456
p2437,657.491,189.694,62,0,1024
p2535,630.267,266.767,60,1,724
p2524,632.566,261.732,60,1,550
p2860,546.742,412.305,58,0,652
p2494,643.697,233.82,57,1,889
p2525,632.969,261.954,60,1,566
p2538,629.951,269.953,60,1,697
p2770,564.948,388.251,64,1,714
p2879,544.763,416.649,58,0,458
p2530,633.248,263.68,60,1,656
p2892,541.292,421.412,58,1,488
p2994,520.396,447.219,63,0,893
p2496,644.494,235.512,57,0,823
p2760,568.561,384.308,64,1,479
p2563,627.389,280.766,60,0,723
p2754,573.339,379.514,64,1,603
p2755,572.883,380.49,64,1,596
p2508,642.662,245.097,57,0,931
p2873,548.348,415.317,58,1,549
p2828,556,405.256,58,0,747
p2462,657.772,205.355,62,0,1461
p2571,628.756,281.994,60,0,814
p2463,657.381,206.686,62,0,1317
p2510,642.879,248.146,57,0,893
p2564,629.581,280.84,60,0,670
p2526,637.637,262.346,60,0,691
p2551,631.365,277.22,60,0,636
p2537,634.972,268.941,60,1,569
p2557,630.816,279.596,60,0,635
p2499,648.744,239.676,57,0,806
p2523,640.509,260.983,60,0,685
p2786,568.984,393.64,64,0,661
p2931,541.993,430.812,58,1,524
p2906,547.195,424.432,58,1,390
p2835,561.513,407.344,64,0,703
p2849,559.64,410.03,58,0,558
p2491,654.422,231.377,57,0,1065
p2859,558.783,412.258,58,0,550
p2753,582.543,378.021,64,0,753
p2855,559.715,411.3,58,0,526
p2771,576.761,388.831,64,1,452
p2903,552.192,423.151,58,1,261
p2775,575.553,391.146,64,1,409
p2965,539.492,440.442,58,0,532
p2891,555.656,421.388,58,1,298
p2894,555.477,422.03,58,1,275
p2761,582.386,384.61,64,0,535
p2756,584.977,380.705,64,0,703
p2823,569.496,403.554,-1,-1,486
p2935,548.547,431.905,58,0,350
p2925,550.407,429.628,58,1,283
p2976,540.557,442.73,58,0,442
p2506,656.057,243.157,57,0,947
p2912,555.071,427.039,58,1,228
p14,622.679,320.843,65,0,621
p2966,545.038,440.497,58,1,363
p2908,557.78,425.207,58,1,306
p2955,549.33,437.57,58,0,309
p3016,534.608,455.959,58,0,629
p3002,538.157,452.418,58,0,574
p16,626.318,321.78,65,0,417
p2922,559.657,428.669,58,1,278
p2863,571.524,413.035,-1,-1,477
p2810,580.489,400.387,64,0,380
p2813,580.793,400.915,64,0,426
p2923,560.38,429.224,58,0,322
p3015,538.964,455.895,58,0,568
p1,636.213,306.174,65,0,587
p4,635.273,308.157,65,0,532
p2920,561.414,428.466,58,0,336
p2837,576.475,408.079,67,0,469
p2967,552.415,440.576,58,0,329
p47,618.936,341.409,65,0,621
p10,631.858,316.908,65,0,309
p2802,584.55,398.314,64,0,406
p39,624.463,333.342,65,0,408
p46,620.777,341.34,65,0,586
p3006,545.589,452.721,58,0,382
p2975,554.389,442.29,58,0,351
p17,633.245,322.492,65,1,389
p51,622.928,342.459,65,0,552
p2773,594.78,390.005,67,0,598
p27,631.213,327.95,65,1,367
p5,640.484,309.592,65,0,509
p3012,547.3,454.506,66,0,412
p2985,555.255,445.01,66,1,290
p12,637.439,318.289,65,1,389
p2848,583.483,409.846,67,1,358
p2884,577.566,418.34,67,0,647
p2937,568.102,432.006,58,0,447
p3008,551.717,453.653,66,1,375
p49,627.324,341.603,65,0,421
p2987,558.663,445.26,66,0,409
p19,637.081,323.619,65,1,347
p2763,602.052,385.07,67,0,759
p58,625.209,346.771,65,0,456
p41,632.527,334.935,65,1,435
p2825,591.13,404.274,67,1,632
p21,639.035,324.523,65,1,324
p2995,560.053,447.272,66,1,380
p2944,571.178,434.044,58,0,590
p2854,589.913,410.969,67,0,556
p61,629.259,347.766,65,1,548
p56,630.04,346.568,65,1,537
p2930,576.034,430.531,67,0,629
p2820,596.177,402.183,67,1,600
p13,644.003,320.565,65,1,416
p3005,559.182,452.682,66,1,333
p2992,564.269,446.346,66,0,476
p3011,558.219,454.31,66,1,411
p3026,554.716,460.908,66,1,446
p2970,570.518,441.199,66,0,597
p76,624.855,360.424,65,0,793
p9,649.17,316.174,65,1,494
p36,640.783,333.145,65,1,433
p2851,594.187,410.605,67,0,629
p23,644.647,325.905,65,1,412
p42,639.959,335.242,65,0,432
p2887,588.025,419.772,67,0,648
p28,643.6,328.542,65,1,412
p2940,579.018,433.463,67,0,701
p3019,562.08,456.396,66,1,374
p2868,593.963,414.261,67,1,525
p78,626.761,363.811,65,0,870
p2782,609.448,392.217,68,0,520
p2983,573.011,444.297,66,0,602
p50,639.416,342.035,65,1,402
p3029,556.636,464.758,66,0,554
p32,646.127,329.862,65,1,359
p3024,561.304,459.931,66,1,335
p3,657.487,307.74,65,0,790
p3030,557.293,465.752,66,0,579
p40,645.513,334.213,65,0,456
p55,639.621,345.609,65,0,468
p0,660.976,304.225,65,0,886
p69,637.791,350.903,65,1,551
p2767,616.898,386.718,68,0,416
p2818,607.694,402.076,67,0,602
p3023,565.86,459.454,66,1,458
p7,658.759,312.594,65,0,631
p54,642.366,345.063,65,0,434
p20,653.079,324.434,65,1,423
p2789,613.404,394.391,68,0,450
p24,652.268,326.389,65,1,436
p6,660.523,309.613,65,0,666
p2784,614.765,393.269,68,0,392
p3021,568.39,457.755,66,0,439
p2952,584.847,436.565,67,1,555
p15,655.504,320.916,65,1,500
p31,651.423,329.337,65,1,410
p2898,595.394,422.642,67,0,530
p2839,605.298,408.676,67,0,597
p37,649.948,333.168,65,1,425
p2917,591.859,428.001,67,0,558
p2,662.753,307.565,65,0,752
p44,647.217,340.107,65,0,410
p66,642.738,349.951,65,1,360
p3028,569.221,462.349,66,1,539
p2765,623.634,386.466,68,0,396
p57,646.7,346.681,65,1,370
p2841,609.738,408.906,67,0,657
p80,637.609,364.503,65,0,678
p3022,573.75,458.924,66,0,604
p2780,621.458,392.174,68,1,281
p2764,626.183,385.463,68,0,469
p2796,619.682,396.262,68,1,360
p2899,602.168,422.725,67,1,514
p82,638.583,365.65,65,0,637
p2794,620.747,395.5,68,1,327
p2776,623.474,391.353,68,1,248
p3014,578.35,455.69,66,0,658
p2797,620.355,396.944,68,1,363
p30,658.985,329.159,65,0,422
p2915,600.056,427.462,67,0,526
p2778,623.929,392.063,68,1,253
p2927,598.298,430.209,67,0,480
p59,650.768,347.282,65,1,390
p2951,595.016,436.412,67,1,453
p2785,624.527,393.526,68,1,266
p70,649.556,351.032,65,1,428
p2893,606.456,421.616,67,1,535
p3027,577.082,461.731,66,0,743
p2998,587.828,448.49,67,0,628
p3025,578.67,460.61,66,0,709
p2781,627.516,392.205,68,1,305
p67,652.024,349.986,65,1,303
p2988,591.195,445.414,67,0,520
p73,648.966,356.048,65,1,436
p62,654.751,347.881,65,1,341
p2979,594.482,443.222,67,1,469
p2986,593.286,445.038,67,1,492
p2774,630.417,390.87,68,0,385
p25,665.755,327.567,65,1,575
p2916,606.664,427.974,67,1,402
p38,663.551,333.265,65,0,533
p2862,617.726,412.715,67,0,621
p71,654.517,352.398,65,1,407
p63,656.628,348.501,65,1,416
p81,648.763,364.824,65,0,543
p34,666.442,331.637,65,0,581
p11,673.506,317.648,65,1,662
p8,674.821,315.093,65,0,685
p29,668.535,329.06,65,1,471
p2945,605.596,434.319,67,1,438
p52,662.056,342.529,65,1,461
p2890,615.942,420.748,67,1,498
p64,660.134,348.671,65,1,401
p2977,601.448,442.844,67,1,334
p2907,614.932,424.576,67,1,507
p72,659.838,353.262,65,1,399
p2956,607.165,437.833,67,1,392
p2921,613.794,428.565,67,1,395
p2819,631.776,402.169,68,1,376
p85,650.43,371.572,65,0,643
p2984,603.032,444.463,67,1,328
p2865,624.702,413.612,67,0,527
p2991,601.816,446.305,67,1,384
p2876,622.982,416.399,67,0,582
p2990,602.472,445.846,67,1,341
p2871,625.101,414.69,67,0,531
p43,670.422,336.607,65,1,397
p26,675.27,327.608,65,1,352
p2816,634.716,401.244,68,0,385
p2795,637.922,396.26,68,0,340
p84,653.469,370.728,65,0,615
p18,678.36,323.472,65,0,502
p2829,634.319,405.427,68,1,341
p2843,632.419,409.502,68,1,319
p2798,640.872,396.954,68,0,420
p65,667.984,349.415,65,1,395
p3007,602.373,453.472,67,0,461
p77,662.42,360.72,65,0,426
p22,680.978,324.669,65,0,560
p2821,638.123,402.948,68,1,277
p2830,636.7,405.742,68,1,288
p2993,609.013,446.653,67,1,314
p2978,612.047,442.94,67,1,381
p2941,618.99,433.662,67,0,474
p2832,637.681,406.356,68,1,298
p75,665.373,359.929,65,0,418
p60,672.056,347.548,65,0,454
p68,671.291,350.525,65,0,409
p2954,618.814,436.923,67,0,477
p53,676.484,342.75,65,0,504
p35,682.478,331.858,65,0,472
p86,661.43,372.276,65,0,650
p74,669.789,357.397,65,0,425
p33,683.672,330.534,65,0,526
p2950,622.07,435.692,67,0,498
p2799,647.756,397.113,68,0,426
p79,667.14,364.033,65,0,492
p83,666.254,366.738,65,0,537
p48,679.985,341.547,65,0,473
p2870,638.329,414.601,68,1,267
p3010,612.672,454.15,67,0,393
p2911,632.094,426.829,68,0,431
p2842,643.854,409.022,68,1,298
p3013,612.535,455.623,67,0,415
p2877,639.921,416.485,68,1,251
p2856,644.994,411.51,68,0,295
p45,685.94,340.389,65,0,574
p2814,652.585,401.112,68,0,331
p2869,644.629,414.595,68,1,227
p2815,653.301,401.142,68,0,329
p2900,639.621,422.884,68,0,261
p2895,641.059,422.102,68,1,241
p3001,621.208,451.384,67,0,321
p3018,618.075,456.074,67,0,365
p2938,635.104,432.828,68,0,319
p2901,642.005,422.946,68,1,242
p3020,617.962,457.551,67,0,389
p2811,656.659,400.523,68,1,235
p2805,658.107,398.942,68,0,267
p2958,632.776,438.067,69,0,288
p2874,648.34,415.376,68,1,214
p3017,621.903,455.992,67,0,433
p2809,659.654,400.335,68,1,231
p2904,645.575,423.792,68,1,223
p3000,627.726,450.15,69,0,318
p2999,629.202,448.54,69,1,340
p2883,650.36,418.248,68,1,256
p2836,657.817,408.07,68,1,218
p2846,656.889,409.615,68,1,218
p2918,645.176,428.255,68,0,254
p3003,629.318,452.661,69,0,342
p2968,637.852,440.88,69,1,242
p2817,664.506,402.044,68,0,298
p2885,654.665,418.648,68,0,263
p2962,641.493,439.113,69,1,207
p2875,656.796,416.111,68,0,297
p2953,644.594,436.61,69,1,149
p2822,666.425,403.01,68,0,332
p2996,637.739,447.422,69,0,229
p2933,649.929,431.409,68,0,239
p2997,638.559,448.135,69,0,215
p2845,665.24,409.595,68,0,290
p2964,646.095,440.274,69,1,181
p2980,645.027,443.565,69,1,126
p2969,647.44,440.969,69,1,159
p2886,662.413,418.669,68,0,221
p2972,647.346,441.747,69,1,170
p2973,649.06,442.005,69,1,183
p2897,663.05,422.637,70,0,173
p2974,655.122,442.006,69,0,149
p2913,664.939,427.302,70,0,136
p2947,660.227,434.59,70,0,145
p2909,667.073,425.59,70,1,115
p2929,666.825,430.519,70,1,104
p2919,670.508,428.31,70,1,33180
p3009,653.791,453.915,69,0,33196
p2924,671.176,429.473,70,1,33202
p2989,661.845,445.446,69,0,33204
p2905,675.769,424.198,70,0,33203
p3004,657.117,452.665,69,0,33206
p2881,680.701,416.937,70,0,33206
p2971,668.521,441.215,70,0,33237
p2949,673.834,435.254,70,1,33244
p2959,672.278,438.864,70,0,33245
p2934,677.589,431.481,70,1,33244
p2896,683.671,422.505,70,0,33244
p2928,681.532,430.285,70,0,33243
